Workbook
Name _0___Floors: #REF!
Name _1___Wall_R_Value: #REF!
Name _2___Roof_R_Value: #REF!
Name _3___Window_U_Value: #REF!
Name _4___Window_SHGC: #REF!
Name _5___WWR: #REF!
Name _6___Corridor_Ventilation: #REF!
Name _7___ERV_Efficiency: #REF!
Name Assumptions: Measures!$B$2:$G$7
Name File_Name: #REF!
Name RAW_Data: [1]!Table1[#Data]
Name RAW_Data: [1]!Table1[#Data]
Name Slicer_Air_Leakage: #N/A
Name Slicer_Controls: #N/A
Name Slicer_En_Saving: #N/A
Name Slicer_ERV: #N/A
Name Slicer_GHG_Saving: #N/A
Name Slicer_Glass_R: #N/A
Name Slicer_HVAC_System: #N/A
Name Slicer_LPD: #N/A
Name Slicer_Spandrels_R: #N/A
Name TEDI: #REF!
Name TEDI_Data: #REF!

Sheet Final
A1: Spandrels R(ft2·°F·h/BTU) | B1: Glass R(ft2·°F·h/BTU) | C1: Air Leakage | D1: LPD | E1: ERV | F1: Controls | G1: HVAC System | H1: Solar PV | I1: Electricity kWh | J1: Natural Gas kWh | K1: Total Energy kWh | L1: TEUI kWh/m² | M1: TEDI kWh/m² | N1: GHGI kgCO2/m² | O1: En Saving % | P1: GHG Saving%
A2: 5 | B2: 2.8 | C2: Current | D2: Current | E2: None | F2: Current | G2: Current | H2: No | I2: 11827263 | J2: 11604177 | K2: 23431440 | L2: 215.93843 | M2: 100.94388 | N2: 38.848358 | O2: 0 | P2: 0
A3: 5 | B3: 2.8 | C3: Current | D3: Current | E3: 0.75 | F3: Current | G3: Current | H3: No | I3: 12188438 | J3: 7677596.2 | K3: 19866034 | L3: 183.08052 | M3: 65.586922 | N3: 32.538785 | O3: 0.15216333 | P3: 0.16241543
A4: 5 | B4: 2.8 | C4: Current | D4: 0.25 | E4: None | F4: Current | G4: Current | H4: No | I4: 11303698 | J4: 11891141 | K4: 23194839 | L4: 213.75797 | M4: 103.68771 | N4: 38.530572 | O4: 0.010097576 | P4: 0.008180152
A5: 5 | B5: 2.8 | C5: Current | D5: 0.25 | E5: 0.75 | F5: Current | G5: Current | H5: No | I5: 11666316 | J5: 7972383.5 | K5: 19638700 | L5: 180.98546 | M5: 68.326646 | N5: 32.236958 | O5: 0.16186545 | P5: 0.17018479
A6: 5 | B6: 2.8 | C6: Improved | D6: Current | E6: None | F6: Current | G6: Current | H6: No | I6: 11828447 | J6: 11403970 | K6: 23232417 | L6: 214.10428 | M6: 98.976327 | N6: 38.499652 | O6: 0.0084938399 | P6: 0.0089760821
A7: 5 | B7: 2.8 | C7: Improved | D7: Current | E7: 0.75 | F7: Current | G7: Current | H7: No | I7: 12189693 | J7: 7470796.8 | K7: 19660490 | L7: 181.18627 | M7: 63.620185 | N7: 32.178647 | O7: 0.16093549 | P7: 0.17168579
A8: 5 | B8: 2.8 | C8: Improved | D8: 0.25 | E8: None | F8: Current | G8: Current | H8: No | I8: 11303910 | J8: 11684225 | K8: 22988135 | L8: 211.85303 | M8: 101.69298 | N8: 38.168595 | O8: 0.018919254 | P8: 0.017497856
A9: 5 | B9: 2.8 | C9: Improved | D9: 0.25 | E9: 0.75 | F9: Current | G9: Current | H9: No | I9: 11666718 | J9: 7766375.2 | K9: 19433093 | L9: 179.09064 | M9: 66.332676 | N9: 31.876869 | O9: 0.17064025 | P9: 0.17945389
A10: 5 | B10: 4 | C10: Current | D10: Current | E10: None | F10: Current | G10: Current | H10: No | I10: 11840697 | J10: 10787908 | K10: 22628605 | L10: 208.5397 | M10: 92.911346 | N10: 37.440123 | O10: 0.034263139 | P10: 0.036249524
A11: 5 | B11: 4 | C11: Current | D11: Current | E11: 0.75 | F11: Current | G11: Current | H11: No | I11: 12201177 | J11: 6831881 | K11: 19033058 | L11: 175.40401 | M11: 57.560607 | N11: 31.077901 | O11: 0.18771284 | P11: 0.20002021
A12: 5 | B12: 4 | C12: Current | D12: 0.25 | E12: None | F12: Current | G12: Current | H12: No | I12: 11313475 | J12: 11053923 | K12: 22367398 | L12: 206.13248 | M12: 95.517666 | N12: 37.079926 | O12: 0.045410865 | P12: 0.045521403
A13: 5 | B13: 4 | C13: Current | D13: 0.25 | E13: 0.75 | F13: Current | G13: Current | H13: No | I13: 11676213 | J13: 7115885.9 | K13: 18792099 | L13: 173.18339 | M13: 60.161418 | N13: 30.752742 | O13: 0.19799642 | P13: 0.20839017
A14: 5 | B14: 4 | C14: Improved | D14: Current | E14: None | F14: Current | G14: Current | H14: No | I14: 11843899 | J14: 10587907 | K14: 22431806 | L14: 206.72604 | M14: 90.940715 | N14: 37.094938 | O14: 0.042662103 | P14: 0.04513498
A15: 5 | B15: 4 | C15: Improved | D15: Current | E15: 0.75 | F15: Current | G15: Current | H15: No | I15: 12204443 | J15: 6622093 | K15: 18826536 | L15: 173.50075 | M15: 55.59283 | N15: 30.71568 | O15: 0.19652672 | P15: 0.20934418
A16: 5 | B16: 4 | C16: Improved | D16: 0.25 | E16: None | F16: Current | G16: Current | H16: No | I16: 11315829 | J16: 10850552 | K16: 22166381 | L16: 204.27995 | M16: 93.513092 | N16: 36.727512 | O16: 0.053989821 | P16: 0.054592929
A17: 5 | B17: 4 | C17: Improved | D17: 0.25 | E17: 0.75 | F17: Current | G17: Current | H17: No | I17: 11678725 | J17: 6907445.7 | K17: 18586171 | L17: 171.28561 | M17: 58.158732 | N17: 30.3917 | O17: 0.20678496 | P17: 0.21768379
A18: 5 | B18: 5.5 | C18: Current | D18: Current | E18: None | F18: Current | G18: Current | H18: No | I18: 11850580 | J18: 10383832 | K18: 22234412 | L18: 204.90691 | M18: 88.925816 | N18: 36.748072 | O18: 0.051086403 | P18: 0.054063701
A19: 5 | B19: 5.5 | C19: Current | D19: Current | E19: 0.75 | F19: Current | G19: Current | H19: No | I19: 12210642 | J19: 6406679.4 | K19: 18617321 | L19: 171.57268 | M19: 53.580173 | N19: 30.348204 | O19: 0.20545552 | P19: 0.21880342
A20: 5 | B20: 5.5 | C20: Current | D20: 0.25 | E20: None | F20: Current | G20: Current | H20: No | I20: 11321347 | J20: 10642932 | K20: 21964279 | L20: 202.41743 | M20: 91.447637 | N20: 36.372616 | O20: 0.062615061 | P20: 0.063728347
A21: 5 | B21: 5.5 | C21: Current | D21: 0.25 | E21: 0.75 | F21: Current | G21: Current | H21: No | I21: 11683878 | J21: 6689688.1 | K21: 18373566 | L21: 169.3263 | M21: 56.095567 | N21: 30.018481 | O21: 0.21585843 | P21: 0.22729086
A22: 5 | B22: 5.5 | C22: Improved | D22: Current | E22: None | F22: Current | G22: Current | H22: No | I22: 11855250 | J22: 10181164 | K22: 22036414 | L22: 203.08221 | M22: 86.961187 | N22: 36.400517 | O22: 0.059536507 | P22: 0.063010132
A23: 5 | B23: 5.5 | C23: Improved | D23: Current | E23: 0.75 | F23: Current | G23: Current | H23: No | I23: 12215404 | J23: 6196276.1 | K23: 18411680 | L23: 169.67754 | M23: 51.618735 | N23: 29.98725 | O23: 0.21423182 | P23: 0.22809478
A24: 5 | B24: 5.5 | C24: Improved | D24: 0.25 | E24: None | F24: Current | G24: Current | H24: No | I24: 11324809 | J24: 10440293 | K24: 21765102 | L24: 200.58186 | M24: 89.443972 | N24: 36.023221 | O24: 0.071115469 | P24: 0.072722174
A25: 5 | B25: 5.5 | C25: Improved | D25: 0.25 | E25: 0.75 | F25: Current | G25: Current | H25: No | I25: 11687454 | J25: 6475446.5 | K25: 18162901 | L25: 167.38485 | M25: 54.094332 | N25: 29.648948 | O25: 0.22484916 | P25: 0.23680306
A26: 10 | B26: 2.8 | C26: Current | D26: Current | E26: None | F26: Current | G26: Current | H26: No | I26: 11827896 | J26: 11032446 | K26: 22860342 | L26: 210.67533 | M26: 95.30417 | N26: 37.848252 | O26: 0.024373146 | P26: 0.025743828
A27: 10 | B27: 2.8 | C27: Current | D27: Current | E27: 0.75 | F27: Current | G27: Current | H27: No | I27: 12188285 | J27: 7085120.9 | K27: 19273406 | L27: 177.619 | M27: 59.949351 | N27: 31.501125 | O27: 0.17745534 | P27: 0.18912596
A28: 10 | B28: 2.8 | C28: Current | D28: 0.25 | E28: None | F28: Current | G28: Current | H28: No | I28: 11302694 | J28: 11305376 | K28: 22608070 | L28: 208.35045 | M28: 97.98464 | N28: 37.503327 | O28: 0.035139554 | P28: 0.034622576
A29: 10 | B29: 2.8 | C29: Current | D29: 0.25 | E29: 0.75 | F29: Current | G29: Current | H29: No | I29: 11665153 | J29: 7377417.7 | K29: 19042571 | L29: 175.49168 | M29: 62.625549 | N29: 31.193355 | O29: 0.18730686 | P29: 0.1970483
A30: 10 | B30: 2.8 | C30: Improved | D30: Current | E30: None | F30: Current | G30: Current | H30: No | I30: 11829221 | J30: 10831126 | K30: 22660347 | L30: 208.83222 | M30: 93.322687 | N30: 37.497818 | O30: 0.032908485 | P30: 0.034764407
A31: 10 | B31: 2.8 | C31: Improved | D31: Current | E31: 0.75 | F31: Current | G31: Current | H31: No | I31: 12189951 | J31: 6877618.3 | K31: 19067569 | L31: 175.72206 | M31: 57.969933 | N31: 31.140399 | O31: 0.18623998 | P31: 0.19841144
A32: 10 | B32: 2.8 | C32: Improved | D32: 0.25 | E32: None | F32: Current | G32: Current | H32: No | I32: 11303518 | J32: 11102034 | K32: 22405552 | L32: 206.48409 | M32: 95.971977 | N32: 37.148568 | O32: 0.043782557 | P32: 0.043754483
A33: 10 | B33: 2.8 | C33: Improved | D33: 0.25 | E33: 0.75 | F33: Current | G33: Current | H33: No | I33: 11666149 | J33: 7165871.7 | K33: 18832021 | L33: 173.5513 | M33: 60.613861 | N33: 30.8245 | O33: 0.19629265 | P33: 0.20654304
A34: 10 | B34: 4 | C34: Current | D34: Current | E34: None | F34: Current | G34: Current | H34: No | I34: 11843882 | J34: 10219195 | K34: 22063077 | L34: 203.32793 | M34: 87.295401 | N34: 36.4493 | O34: 0.058398574 | P34: 0.06175441
A35: 10 | B35: 4 | C35: Current | D35: Current | E35: 0.75 | F35: Current | G35: Current | H35: No | I35: 12203734 | J35: 6233692.2 | K35: 18437426 | L35: 169.91481 | M35: 51.950646 | N35: 30.034482 | O35: 0.21313303 | P35: 0.22687898
A36: 10 | B36: 4 | C36: Current | D36: 0.25 | E36: None | F36: Current | G36: Current | H36: No | I36: 11315082 | J36: 10480434 | K36: 21795516 | L36: 200.86215 | M36: 89.808849 | N36: 36.078268 | O36: 0.06981747 | P36: 0.071305188
A37: 10 | B37: 4 | C37: Current | D37: 0.25 | E37: 0.75 | F37: Current | G37: Current | H37: No | I37: 11677331 | J37: 6514386.2 | K37: 18191717 | L37: 167.65042 | M37: 54.456531 | N37: 29.701271 | O37: 0.22361933 | P37: 0.23545619
A38: 10 | B38: 4 | C38: Improved | D38: Current | E38: None | F38: Current | G38: Current | H38: No | I38: 11847414 | J38: 10014945 | K38: 21862359 | L38: 201.47816 | M38: 85.323401 | N38: 36.097193 | O38: 0.06696477 | P38: 0.070818049
A39: 10 | B39: 4 | C39: Improved | D39: Current | E39: 0.75 | F39: Current | G39: Current | H39: No | I39: 12207716 | J39: 6019479.9 | K39: 18227196 | L39: 167.97738 | M39: 49.982056 | N39: 29.665636 | O39: 0.22210518 | P39: 0.23637348
A40: 10 | B40: 4 | C40: Improved | D40: 0.25 | E40: None | F40: Current | G40: Current | H40: No | I40: 11318717 | J40: 10273957 | K40: 21592674 | L40: 198.99281 | M40: 87.791102 | N40: 35.722423 | O40: 0.078474304 | P40: 0.08046504
A41: 10 | B41: 4 | C41: Improved | D41: 0.25 | E41: 0.75 | F41: Current | G41: Current | H41: No | I41: 11680923 | J41: 6299207 | K41: 17980130 | L41: 165.70048 | M41: 52.441672 | N41: 29.330121 | O41: 0.23264938 | P41: 0.24501
A42: 10 | B42: 5.5 | C42: Current | D42: Current | E42: None | F42: Current | G42: Current | H42: No | I42: 11854763 | J42: 9816437.6 | K42: 21671201 | L42: 199.71649 | M42: 83.35018 | N42: 35.761121 | O42: 0.075122976 | P42: 0.079468912
A43: 10 | B43: 5.5 | C43: Current | D43: Current | E43: 0.75 | F43: Current | G43: Current | H43: No | I43: 12214170 | J43: 5805121.1 | K43: 18019291 | L43: 166.06138 | M43: 48.013328 | N43: 29.300407 | O43: 0.23097808 | P43: 0.24577489
A44: 10 | B44: 5.5 | C44: Current | D44: 0.25 | E44: None | F44: Current | G44: Current | H44: No | I44: 11325075 | J44: 10065605 | K44: 21390680 | L44: 197.13128 | M44: 85.753219 | N44: 35.36756 | O44: 0.087094957 | P44: 0.089599599
A45: 10 | B45: 5.5 | C45: Current | D45: 0.25 | E45: 0.75 | F45: Current | G45: Current | H45: No | I45: 11686581 | J45: 6076292.6 | K45: 17762874 | L45: 163.6983 | M45: 50.407281 | N45: 28.948664 | O45: 0.24192139 | P45: 0.25482914
A46: 10 | B46: 5.5 | C46: Improved | D46: Current | E46: None | F46: Current | G46: Current | H46: No | I46: 11859379 | J46: 9619951.8 | K46: 21479331 | L46: 197.94826 | M46: 81.40017 | N46: 35.424307 | O46: 0.083311538 | P46: 0.088138869
A47: 10 | B47: 5.5 | C47: Improved | D47: Current | E47: 0.75 | F47: Current | G47: Current | H47: No | I47: 12218872 | J47: 5593868.1 | K47: 17812740 | L47: 164.15786 | M47: 46.067906 | N47: 28.937871 | O47: 0.2397932 | P47: 0.25510698
A48: 10 | B48: 5.5 | C48: Improved | D48: 0.25 | E48: None | F48: Current | G48: Current | H48: No | I48: 11329175 | J48: 9861032.2 | K48: 21190207 | L48: 195.28377 | M48: 83.743488 | N48: 35.015778 | O48: 0.095650666 | P48: 0.098654857
A49: 10 | B49: 5.5 | C49: Improved | D49: 0.25 | E49: 0.75 | F49: Current | G49: Current | H49: No | I49: 11690789 | J49: 5857275.1 | K49: 17548064 | L49: 161.71867 | M49: 48.400726 | N49: 28.571758 | O49: 0.25108896 | P49: 0.26453111
A50: 15 | B50: 2.8 | C50: Current | D50: Current | E50: None | F50: Current | G50: Current | H50: No | I50: 11827622 | J50: 10836488 | K50: 22664110 | L50: 208.8669 | M50: 93.362534 | N50: 37.504701 | O50: 0.032747893 | P50: 0.034587217
A51: 15 | B51: 2.8 | C51: Current | D51: Current | E51: 0.75 | F51: Current | G51: Current | H51: No | I51: 12187755 | J51: 6880929.2 | K51: 19068684 | L51: 175.73233 | M51: 58.009197 | N51: 31.142756 | O51: 0.18619239 | P51: 0.19835077
A52: 15 | B52: 2.8 | C52: Current | D52: 0.25 | E52: None | F52: Current | G52: Current | H52: No | I52: 11302525 | J52: 11108568 | K52: 22411093 | L52: 206.53515 | M52: 96.017511 | N52: 37.158453 | O52: 0.043546084 | P52: 0.043500029
A53: 15 | B53: 2.8 | C53: Current | D53: 0.25 | E53: 0.75 | F53: Current | G53: Current | H53: No | I53: 11664716 | J53: 7172317.7 | K53: 18837034 | L53: 173.5975 | M53: 60.659206 | N53: 30.833541 | O53: 0.1960787 | P53: 0.2063103
A54: 15 | B54: 2.8 | C54: Improved | D54: Current | E54: None | F54: Current | G54: Current | H54: No | I54: 11829752 | J54: 10637131 | K54: 22466883 | L54: 207.0493 | M54: 91.376716 | N54: 37.158965 | O54: 0.041165097 | P54: 0.043486851
A55: 15 | B55: 2.8 | C55: Improved | D55: Current | E55: 0.75 | F55: Current | G55: Current | H55: No | I55: 12190154 | J55: 6669266 | K55: 18859420 | L55: 173.80381 | M55: 56.025629 | N55: 30.775894 | O55: 0.19512331 | P55: 0.20779422
A56: 15 | B56: 2.8 | C56: Improved | D56: 0.25 | E56: None | F56: Current | G56: Current | H56: No | I56: 11303836 | J56: 10905724 | K56: 22209560 | L56: 204.67788 | M56: 93.997317 | N56: 36.805329 | O56: 0.052147045 | P56: 0.052589846
A57: 15 | B57: 2.8 | C57: Improved | D57: 0.25 | E57: 0.75 | F57: Current | G57: Current | H57: No | I57: 11666154 | J57: 6960068.5 | K57: 18626223 | L57: 171.65472 | M57: 58.640432 | N57: 30.464147 | O57: 0.20507564 | P57: 0.21581891
A58: 15 | B58: 4 | C58: Current | D58: Current | E58: None | F58: Current | G58: Current | H58: No | I58: 11844499 | J58: 10020454 | K58: 21864953 | L58: 201.50206 | M58: 85.371111 | N58: 36.102271 | O58: 0.06685409 | P58: 0.070687327
A59: 15 | B59: 4 | C59: Current | D59: Current | E59: 0.75 | F59: Current | G59: Current | H59: No | I59: 12204401 | J59: 6024285.1 | K59: 18228686 | L59: 167.99112 | M59: 50.029183 | N59: 29.668857 | O59: 0.22204158 | P59: 0.23629058
A60: 15 | B60: 4 | C60: Current | D60: 0.25 | E60: None | F60: Current | G60: Current | H60: No | I60: 11316126 | J60: 10280608 | K60: 21596734 | L60: 199.03023 | M60: 87.843372 | N60: 35.73001 | O60: 0.078301028 | P60: 0.080269748
A61: 15 | B61: 4 | C61: Current | D61: 0.25 | E61: 0.75 | F61: Current | G61: Current | H61: No | I61: 11677995 | J61: 6304100.1 | K61: 17982095 | L61: 165.71859 | M61: 52.49292 | N61: 29.334102 | O61: 0.23256552 | P61: 0.24490754
A62: 15 | B62: 4 | C62: Improved | D62: Current | E62: None | F62: Current | G62: Current | H62: No | I62: 11848761 | J62: 9821067 | K62: 21669828 | L62: 199.70384 | M62: 83.401252 | N62: 35.759824 | O62: 0.075181555 | P62: 0.079502302
A63: 15 | B63: 4 | C63: Improved | D63: Current | E63: 0.75 | F63: Current | G63: Current | H63: No | I63: 12208486 | J63: 5810893.2 | K63: 18019379 | L63: 166.0622 | M63: 48.063441 | N63: 29.301609 | O63: 0.23097432 | P63: 0.24574395
A64: 15 | B64: 4 | C64: Improved | D64: 0.25 | E64: None | F64: Current | G64: Current | H64: No | I64: 11319665 | J64: 10072813 | K64: 21392478 | L64: 197.14785 | M64: 85.823562 | N64: 35.371705 | O64: 0.087018231 | P64: 0.0894929
A65: 15 | B65: 4 | C65: Improved | D65: 0.25 | E65: 0.75 | F65: Current | G65: Current | H65: No | I65: 11681627 | J65: 6084438 | K65: 17766065 | L65: 163.72771 | M65: 50.476522 | N65: 28.955165 | O65: 0.24178519 | P65: 0.25466179
A66: 15 | B66: 5.5 | C66: Current | D66: Current | E66: None | F66: Current | G66: Current | H66: No | I66: 11855584 | J66: 9625284.4 | K66: 21480868 | L66: 197.96243 | M66: 81.450561 | N66: 35.427699 | O66: 0.083245916 | P66: 0.08805156
A67: 15 | B67: 5.5 | C67: Current | D67: Current | E67: 0.75 | F67: Current | G67: Current | H67: No | I67: 12214937 | J67: 5598087.3 | K67: 17813024 | L67: 164.16048 | M67: 46.117058 | N67: 28.939093 | O67: 0.23978107 | P67: 0.2550755
A68: 15 | B68: 5.5 | C68: Current | D68: 0.25 | E68: None | F68: Current | G68: Current | H68: No | I68: 11326194 | J68: 9867361 | K68: 21193555 | L68: 195.31462 | M68: 83.798078 | N68: 35.02219 | O68: 0.09550779 | P68: 0.09848982
A69: 15 | B69: 5.5 | C69: Current | D69: 0.25 | E69: 0.75 | F69: Current | G69: Current | H69: No | I69: 11687454 | J69: 5863047.2 | K69: 17550501 | L69: 161.74113 | M69: 48.454233 | N69: 28.57664 | O69: 0.25098495 | P69: 0.26440544
A70: 15 | B70: 5.5 | C70: Improved | D70: Current | E70: None | F70: Current | G70: Current | H70: No | I70: 11856234 | J70: 9400524.1 | K70: 21256758 | L70: 195.89709 | M70: 79.507391 | N70: 35.035164 | O70: 0.092810429 | P70: 0.098155861
A71: 15 | B71: 5.5 | C71: Improved | D71: Current | E71: 0.75 | F71: Current | G71: Current | H71: No | I71: 12215403 | J71: 5359995.5 | K71: 17575398 | L71: 161.97058 | M71: 44.180125 | N71: 28.522926 | O71: 0.24992239 | P71: 0.2657881
A72: 15 | B72: 5.5 | C72: Improved | D72: 0.25 | E72: None | F72: Current | G72: Current | H72: No | I72: 11330349 | J72: 9667447.1 | K72: 20997796 | L72: 193.51056 | M72: 81.791764 | N72: 34.678651 | O72: 0.10386233 | P72: 0.10733288
A73: 15 | B73: 5.5 | C73: Improved | D73: 0.25 | E73: 0.75 | F73: Current | G73: Current | H73: No | I73: 11691584 | J73: 5645582.6 | K73: 17337167 | L73: 159.77509 | M73: 46.452571 | N73: 28.202332 | O73: 0.26008958 | P73: 0.27404057
A74: 5 | B74: 2.8 | C74: Current | D74: Current | E74: None | F74: Improved | G74: Current | H74: No | I74: 10660237 | J74: 9782303.1 | K74: 20442540 | L74: 188.39346 | M74: 86.980273 | N74: 33.829914 | O74: 0.12755938 | P74: 0.12918034
A75: 5 | B75: 2.8 | C75: Current | D75: Current | E75: 0.75 | F75: Improved | G75: Current | H75: No | I75: 10995001 | J75: 6274360.6 | K75: 17269362 | L75: 159.15022 | M75: 54.991954 | N75: 28.211996 | O75: 0.26298334 | P75: 0.27379179
A76: 5 | B76: 2.8 | C76: Current | D76: 0.25 | E76: None | F76: Improved | G76: Current | H76: No | I76: 10134728 | J76: 10069355 | K76: 20204083 | L76: 186.19589 | M76: 89.724035 | N76: 33.509236 | O76: 0.13773617 | P76: 0.13743493
A77: 5 | B77: 2.8 | C77: Current | D77: 0.25 | E77: 0.75 | F77: Improved | G77: Current | H77: No | I77: 10469821 | J77: 6568122.4 | K77: 17037944 | L77: 157.01752 | M77: 57.731655 | N77: 27.903583 | O77: 0.27285974 | P77: 0.28173068
A78: 5 | B78: 2.8 | C78: Improved | D78: Current | E78: None | F78: Improved | G78: Current | H78: No | I78: 10660853 | J78: 9582096.2 | K78: 20242949 | L78: 186.55407 | M78: 85.012765 | N78: 33.480318 | O78: 0.13607746 | P78: 0.13817933
A79: 5 | B79: 2.8 | C79: Improved | D79: Current | E79: 0.75 | F79: Improved | G79: Current | H79: No | I79: 10996120 | J79: 6066887.3 | K79: 17063007 | L79: 157.24851 | M79: 53.025211 | N79: 27.850465 | O79: 0.27179007 | P79: 0.28309801
A80: 5 | B80: 2.8 | C80: Improved | D80: 0.25 | E80: None | F80: Improved | G80: Current | H80: No | I80: 10134184 | J80: 9862907.4 | K80: 19997092 | L80: 184.28831 | M80: 87.729423 | N80: 33.146895 | O80: 0.1465701 | P80: 0.14676199
A81: 5 | B81: 2.8 | C81: Improved | D81: 0.25 | E81: 0.75 | F81: Improved | G81: Current | H81: No | I81: 10470035 | J81: 6362641.5 | K81: 16832677 | L81: 155.12583 | M81: 55.737667 | N81: 27.544123 | O81: 0.28162006 | P81: 0.2909836
A82: 5 | B82: 4 | C82: Current | D82: Current | E82: None | F82: Improved | G82: Current | H82: No | I82: 10672324 | J82: 8965096.8 | K82: 19637421 | L82: 180.97367 | M82: 78.947731 | N82: 32.417927 | O82: 0.16192002 | P82: 0.16552644
A83: 5 | B83: 4 | C83: Current | D83: Current | E83: 0.75 | F83: Improved | G83: Current | H83: No | I83: 11008202 | J83: 5428059.4 | K83: 16436261 | L83: 151.47257 | M83: 46.965528 | N83: 26.75081 | O83: 0.29853814 | P83: 0.31140435
A84: 5 | B84: 4 | C84: Current | D84: 0.25 | E84: None | F84: Improved | G84: Current | H84: No | I84: 10143109 | J84: 9231375.2 | K84: 19374484 | L84: 178.55051 | M84: 81.554231 | N84: 32.055069 | O84: 0.17314155 | P84: 0.17486681
A85: 5 | B85: 4 | C85: Current | D85: 0.25 | E85: 0.75 | F85: Improved | G85: Current | H85: No | I85: 10479977 | J85: 5712591.7 | K85: 16192569 | L85: 149.22676 | M85: 49.56646 | N85: 26.421466 | O85: 0.30893839 | P85: 0.31988204
A86: 5 | B86: 4 | C86: Improved | D86: Current | E86: None | F86: Improved | G86: Current | H86: No | I86: 10675007 | J86: 8765475.9 | K86: 19440483 | L86: 179.15874 | M86: 76.977078 | N86: 32.072596 | O86: 0.17032487 | P86: 0.17441566
A87: 5 | B87: 4 | C87: Improved | D87: Current | E87: 0.75 | F87: Improved | G87: Current | H87: No | I87: 11010967 | J87: 5218154.2 | K87: 16229121 | L87: 149.56362 | M87: 44.99781 | N87: 26.387599 | O87: 0.30737841 | P87: 0.3207538
A88: 5 | B88: 4 | C88: Improved | D88: 0.25 | E88: None | F88: Improved | G88: Current | H88: No | I88: 10144736 | J88: 9027652.3 | K88: 19172388 | L88: 176.68805 | M88: 79.549577 | N88: 31.700901 | O88: 0.18176653 | P88: 0.1839835
A89: 5 | B89: 4 | C89: Improved | D89: 0.25 | E89: 0.75 | F89: Improved | G89: Current | H89: No | I89: 10482204 | J89: 5504122.2 | K89: 15986326 | L89: 147.32608 | M89: 47.56368 | N89: 26.059926 | O89: 0.31774034 | P89: 0.32918848
A90: 5 | B90: 5.5 | C90: Current | D90: Current | E90: None | F90: Improved | G90: Current | H90: No | I90: 10681454 | J90: 8560581 | K90: 19242035 | L90: 177.32989 | M90: 74.962147 | N90: 31.723926 | O90: 0.17879417 | P90: 0.1833908
A91: 5 | B91: 5.5 | C91: Current | D91: Current | E91: 0.75 | F91: Improved | G91: Current | H91: No | I91: 11017349 | J91: 5002389 | K91: 16019738 | L91: 147.63399 | M91: 42.985244 | N91: 26.019794 | O91: 0.3163144 | P91: 0.33022151
A92: 5 | B92: 5.5 | C92: Current | D92: 0.25 | E92: None | F92: Improved | G92: Current | H92: No | I92: 10149898 | J92: 8819768.8 | K92: 18969667 | L92: 174.81982 | M92: 77.484054 | N92: 31.344985 | O92: 0.19041822 | P92: 0.19314516
A93: 5 | B93: 5.5 | C93: Current | D93: 0.25 | E93: 0.75 | F93: Improved | G93: Current | H93: No | I93: 10487556 | J93: 5285339.1 | K93: 15772895 | L93: 145.35915 | M93: 45.500599 | N93: 25.685223 | O93: 0.32684909 | P93: 0.33883375
A94: 5 | B94: 5.5 | C94: Improved | D94: Current | E94: None | F94: Improved | G94: Current | H94: No | I94: 10685484 | J94: 8358498.9 | K94: 19043983 | L94: 175.50469 | M94: 72.99745 | N94: 31.376396 | O94: 0.18724658 | P94: 0.19233663
A95: 5 | B95: 5.5 | C95: Improved | D95: Current | E95: 0.75 | F95: Improved | G95: Current | H95: No | I95: 11021634 | J95: 4791839.2 | K95: 15813473 | L95: 145.73311 | M95: 41.023767 | N95: 25.657836 | O95: 0.32511731 | P95: 0.33953871
A96: 5 | B96: 5.5 | C96: Improved | D96: 0.25 | E96: None | F96: Improved | G96: Current | H96: No | I96: 10152629 | J96: 8617305.8 | K96: 18769935 | L96: 172.97913 | M96: 75.480394 | N96: 30.994752 | O96: 0.19894232 | P96: 0.20216055
A97: 5 | B97: 5.5 | C97: Improved | D97: 0.25 | E97: 0.75 | F97: Improved | G97: Current | H97: No | I97: 10490660 | J97: 5071390.5 | K97: 15562051 | L97: 143.41606 | M97: 43.499241 | N97: 25.315463 | O97: 0.33584745 | P97: 0.34835177
A98: 10 | B98: 2.8 | C98: Current | D98: Current | E98: None | F98: Improved | G98: Current | H98: No | I98: 10660402 | J98: 9210103.4 | K98: 19870506 | L98: 183.12172 | M98: 81.340506 | N98: 32.828254 | O98: 0.1519725 | P98: 0.15496417
A99: 10 | B99: 2.8 | C99: Current | D99: Current | E99: 0.75 | F99: Improved | G99: Current | H99: No | I99: 10995727 | J99: 5681182.1 | K99: 16676909 | L99: 153.69032 | M99: 49.354501 | N99: 27.174482 | O99: 0.28826785 | P99: 0.30049856
A100: 10 | B100: 2.8 | C100: Current | D100: 0.25 | E100: None | F100: Improved | G100: Current | H100: No | I100: 10133436 | J100: 9483238 | K100: 19616674 | L100: 180.78248 | M100: 84.021073 | N100: 32.480925 | O100: 0.16280544 | P100: 0.16390481
...

Sheet Raw
A1: 1 | B1: 2 | C1: 3 | D1: 4 | E1: 5 | F1: 6 | G1: 7 | H1: 8 | I1: 9 | J1: 10 | K1: 11 | L1: 12 | M1: 13 | N1: 14 | O1: 15 | P1: 16 | Q1: 17 | R1: 18 | S1: 19 | T1: 20 | U1: 21 | V1: 22 | W1: 23 | X1: 24 | Y1: 25 | Z1: 26 | AA1: 27 | AB1: 28 | AC1: 29 | AD1: 30 | AE1: 31 | AF1: 32 | AG1: 33 | AH1: 34 | AI1: 35 | AJ1: 36 | AK1: 37 | AL1: 38 | AM1: 39 | AN1: 40 | AO1: 41 | AP1: 42 | AQ1: 43 | AR1: 44 | AS1: 45 | AT1: 46 | AU1: 47 | AV1: 48 | AW1: 49 | AX1: 50 | AY1: 51 | AZ1: 52 | BA1: 53 | BB1: 54 | BC1: 55 | BD1: 56 | BE1: 57 | BF1: 58 | BG1: 59 | BH1: 60 | BI1: 61 | BJ1: 62 | BK1: 63 | BL1: 64 | BM1: 65 | BN1: 66 | BO1: 67 | BP1: 68 | BQ1: 69 | BR1: 70 | BS1: 71 | BT1: 72 | BU1: 73 | BV1: 74 | BW1: 75 | BX1: 76 | BY1: 77 | BZ1: 78 | CA1: 79 | CB1: 80
B2: Run ID | C2: HVAC System | D2: Controls | E2: File Name | F2: Run Date | G2: Gross Floor Area (ft²) | H2: Gross Volume (ft³) | I2: Gross Exterior Walls (ft²) | J2: Gross Exterior Roofs (ft²) | K2: Gross Exterior Floors (ft²) | L2: Gross Windows (ft²) | M2: Gross Skylights (ft²) | N2: Walls (MBTU) | O2: Roofs (MBTU) | P2: Interior Surface (MBTU) | Q2: Underground Surface (MBTU) | R2: Infiltration (MBTU) | S2: Window Conduction (MBTU) | T2: Window Solar (MBTU) | U2: Occupants (MBTU) | V2: Lights (MBTU) | W2: Equipment (MBTU) | X2: Source (MBTU) | Y2: Total (MBTU) | Z2: Total Heating Coil (MBTU) | AA2: Under Heated Hours | AB2: Under Cooled Hours | AC2: $ | AD2: $ | AE2: Lights (MBTU) | AF2: Task Light (MBTU) | AG2: Misc. Equip (MBTU) | AH2: Space Heating (MBTU) | AI2: Space Cooling (MBTU) | AJ2: Heat Rejection (MBTU) | AK2: Pumps & Aux (MBTU) | AL2: Ventilation Fans (MBTU) | AM2: Refrig Display (MBTU) | AN2: Heat Pump Supplimental (MBTU) | AO2: Domestic Hot Water (MBTU) | AP2: Exterior Usage (MBTU) | AQ2: Lights (MBTU) | AR2: Task Light (MBTU) | AS2: Misc. Equip (MBTU) | AT2: Space Heating (MBTU) | AU2: Space Cooling (MBTU) | AV2: Heat Rejection (MBTU) | AW2: Pumps & Aux (MBTU) | AX2: Ventilation Fans (MBTU) | AY2: Refrig Display (MBTU) | AZ2: Heat Pump Supplimental (MBTU) | BA2: Domestic Hot Water (MBTU) | BB2: Exterior Usage (MBTU) | BC2: Lights (kBTUH) | BD2: Task Light (kBTUH) | BE2: Misc. Equip (kBTUH) | BF2: Space Heating (kBTUH) | BG2: Space Cooling (kBTUH) | BH2: Heat Rejection (kBTUH) | BI2: Pumps & Aux (kBTUH) | BJ2: Ventilation Fans (kBTUH) | BK2: Refrig Display (kBTUH) | BL2: Heat Pump Supplimental (kBTUH) | BM2: Domestic Hot Water (kBTUH) | BN2: Exterior Usage (kBTUH) | BO2: Total (kBTUH) | BP2: Lights (kBTUH) | BQ2: Task Light (kBTUH) | BR2: Misc. Equip (kBTUH) | BS2: Space Heating (kBTUH) | BT2: Space Cooling (kBTUH) | BU2: Heat Rejection (kBTUH) | BV2: Pumps & Aux (kBTUH) | BW2: Ventilation Fans (kBTUH) | BX2: Refrig Display (kBTUH) | BY2: Heat Pump Supplimental (kBTUH) | BZ2: Domestic Hot Water (kBTUH) | CA2: Exterior Usage (kBTUH) | CB2: Total (kBTUH)
A3: x | B3: 1 | C3: Current | D3: Current | E3: 1AAAAA | F3: 4/29/2025 9:16:58 | G3: 1167990 | H3: 14789094 | I3: 315037.84 | J3: 174922.89 | K3: 55527.85 | L3: 186240.67 | M3: 0 | N3: -4649.082 | O3: -1111.681 | P3: 0 | Q3: -1368.584 | R3: -3177.809 | S3: -10021.72 | T3: 1318.816 | U3: 858.848 | V3: 2408.691 | W3: 3408.915 | X3: 0 | Y3: -12333.6 | Z3: -37383.625 | AA3: 16357 | AB3: 0 | AC3: 1845054 | AD3: 348125 | AE3: 7386.8492 | AF3: 0 | AG3: 10979.398 | AH3: 49.293511 | AI3: 4075.2829 | AJ3: 201.90101 | AK3: 5412.2521 | AL3: 7710.2485 | AM3: 0 | AN3: 0 | AO3: 4524.3102 | AP3: 26.549486 | AQ3: 0 | AR3: 0 | AS3: 0 | AT3: 35667.7 | AU3: 0 | AV3: 0 | AW3: 3937 | AX3: 0 | AY3: 0 | AZ3: 0 | BA3: 0 | BB3: 0 | BC3: 2048.9009 | BD3: 0 | BE3: 2890.952 | BF3: 18.051193 | BG3: 2450.3309 | BH3: 1515.3582 | BI3: 876.12962 | BJ3: 1876.6347 | BK3: 0 | BL3: 0 | BM3: 1651.7814 | BN3: 3.0307165 | BO3: 11938.269 | BP3: 0 | BQ3: 0 | BR3: 0 | BS3: 27200 | BT3: 0 | BU3: 0 | BV3: 2130 | BW3: 0 | BX3: 0 | BY3: 0 | BZ3: 0 | CA3: 0 | CB3: 28920
B4: 2 | C4: Current | D4: Current | E4: 1AAAAB | F4: 4/29/2025 9:17:00 | G4: 1167990 | H4: 14789094 | I4: 315037.84 | J4: 174922.89 | K4: 55527.85 | L4: 186240.67 | M4: 0 | N4: -4649.082 | O4: -1111.681 | P4: 0 | Q4: -1368.584 | R4: -3177.809 | S4: -10021.72 | T4: 1318.816 | U4: 858.848 | V4: 2408.691 | W4: 3408.915 | X4: 0 | Y4: -12333.6 | Z4: -24289.506 | AA4: 16352 | AB4: 0 | AC4: 1901395 | AD4: 230328 | AE4: 7386.8492 | AF4: 0 | AG4: 10979.398 | AH4: 34.344707 | AI4: 4085.73 | AJ4: 161.5836 | AK4: 5579.0814 | AL4: 8820.9174 | AM4: 0 | AN4: 0 | AO4: 4524.3102 | AP4: 26.549486 | AQ4: 0 | AR4: 0 | AS4: 0 | AT4: 25315.6 | AU4: 0 | AV4: 0 | AW4: 887.8 | AX4: 0 | AY4: 0 | AZ4: 0 | BA4: 0 | BB4: 0 | BC4: 2048.9009 | BD4: 0 | BE4: 2890.952 | BF4: 18.061432 | BG4: 1367.0306 | BH4: 696.45045 | BI4: 717.30711 | BJ4: 2027.0203 | BK4: 0 | BL4: 0 | BM4: 1651.7814 | BN4: 3.0307165 | BO4: 10524.409 | BP4: 0 | BQ4: 0 | BR4: 0 | BS4: 22950 | BT4: 0 | BU4: 0 | BV4: 820 | BW4: 0 | BX4: 0 | BY4: 0 | BZ4: 0 | CA4: 0 | CB4: 23320
B5: 3 | C5: Current | D5: Current | E5: 1AAABA | F5: 4/29/2025 9:17:02 | G5: 1167990 | H5: 14789094 | I5: 315037.84 | J5: 174922.89 | K5: 55527.85 | L5: 186240.67 | M5: 0 | N5: -4807.696 | O5: -1113.906 | P5: 0 | Q5: -1368.584 | R5: -3290.236 | S5: -10403.42 | T5: 1390.797 | U5: 950.243 | V5: 2061.176 | W5: 3707.062 | X5: 0 | Y5: -12874.56 | Z5: -38399.777 | AA5: 16451 | AB5: 0 | AC5: 1763378 | AD5: 356735 | AE5: 5731.5627 | AF5: 0 | AG5: 10979.398 | AH5: 50.494876 | AI5: 3999.5287 | AJ5: 191.65527 | AK5: 5416.0303 | AL5: 7659.6444 | AM5: 0 | AN5: 0 | AO5: 4524.3102 | AP5: 26.549486 | AQ5: 0 | AR5: 0 | AS5: 0 | AT5: 36647.1 | AU5: 0 | AV5: 0 | AW5: 3937 | AX5: 0 | AY5: 0 | AZ5: 0 | BA5: 0 | BB5: 0 | BC5: 1574.1159 | BD5: 0 | BE5: 2890.952 | BF5: 18.04778 | BG5: 2388.0749 | BH5: 1516.5767 | BI5: 874.04771 | BJ5: 1807.6961 | BK5: 0 | BL5: 0 | BM5: 1651.7814 | BN5: 3.0307165 | BO5: 11282.173 | BP5: 0 | BQ5: 0 | BR5: 0 | BS5: 27260 | BT5: 0 | BU5: 0 | BV5: 2130 | BW5: 0 | BX5: 0 | BY5: 0 | BZ5: 0 | CA5: 0 | CB5: 28980
B6: 4 | C6: Current | D6: Current | E6: 1AAABB | F6: 4/29/2025 9:17:04 | G6: 1167990 | H6: 14789094 | I6: 315037.84 | J6: 174922.89 | K6: 55527.85 | L6: 186240.67 | M6: 0 | N6: -4807.696 | O6: -1113.906 | P6: 0 | Q6: -1368.584 | R6: -3290.236 | S6: -10403.42 | T6: 1390.797 | U6: 950.243 | V6: 2061.176 | W6: 3707.062 | X6: 0 | Y6: -12874.56 | Z6: -25304.137 | AA6: 16446 | AB6: 0 | AC6: 1819947 | AD6: 239172 | AE6: 5731.5627 | AF6: 0 | AG6: 10979.398 | AH6: 35.75085 | AI6: 4014.4809 | AJ6: 150.32081 | AK6: 5583.9176 | AL6: 8770.4873 | AM6: 0 | AN6: 0 | AO6: 4524.3102 | AP6: 26.549486 | AQ6: 0 | AR6: 0 | AS6: 0 | AT6: 26321.7 | AU6: 0 | AV6: 0 | AW6: 887.8 | AX6: 0 | AY6: 0 | AZ6: 0 | BA6: 0 | BB6: 0 | BC6: 1574.1159 | BD6: 0 | BE6: 2890.952 | BF6: 18.030715 | BG6: 1301.7883 | BH6: 627.15012 | BI6: 717.16718 | BJ6: 1957.8053 | BK6: 0 | BL6: 0 | BM6: 1651.7814 | BN6: 3.0307165 | BO6: 9861.5555 | BP6: 0 | BQ6: 0 | BR6: 0 | BS6: 22980 | BT6: 0 | BU6: 0 | BV6: 820 | BW6: 0 | BX6: 0 | BY6: 0 | BZ6: 0 | CA6: 0 | CB6: 23350
B7: 5 | C7: Current | D7: Current | E7: 1AABAA | F7: 4/29/2025 9:17:06 | G7: 1167990 | H7: 14789094 | I7: 315037.84 | J7: 174922.89 | K7: 55527.85 | L7: 186240.67 | M7: 0 | N7: -4595.778 | O7: -1108.99 | P7: 0 | Q7: -1368.584 | R7: -2647.677 | S7: -9885.926 | T7: 1291.173 | U7: 828.067 | V7: 2336.019 | W7: 3307.493 | X7: 0 | Y7: -11844.21 | Z7: -36654.961 | AA7: 16204 | AB7: 0 | AC7: 1845239 | AD7: 342119 | AE7: 7386.8492 | AF7: 0 | AG7: 10979.398 | AH7: 48.921498 | AI7: 4075.1805 | AJ7: 203.02387 | AK7: 5411.1839 | AL7: 7714.7093 | AM7: 0 | AN7: 0 | AO7: 4524.3102 | AP7: 26.549486 | AQ7: 0 | AR7: 0 | AS7: 0 | AT7: 34984.4 | AU7: 0 | AV7: 0 | AW7: 3937 | AX7: 0 | AY7: 0 | AZ7: 0 | BA7: 0 | BB7: 0 | BC7: 2048.9009 | BD7: 0 | BE7: 2890.952 | BF7: 18.030715 | BG7: 2436.0408 | BH7: 1515.3582 | BI7: 875.17058 | BJ7: 1881.4606 | BK7: 0 | BL7: 0 | BM7: 1651.7814 | BN7: 3.0307165 | BO7: 11928.453 | BP7: 0 | BQ7: 0 | BR7: 0 | BS7: 26620 | BT7: 0 | BU7: 0 | BV7: 2130 | BW7: 0 | BX7: 0 | BY7: 0 | BZ7: 0 | CA7: 0 | CB7: 28270
B8: 6 | C8: Current | D8: Current | E8: 1AABAB | F8: 4/29/2025 9:17:08 | G8: 1167990 | H8: 14789094 | I8: 315037.84 | J8: 174922.89 | K8: 55527.85 | L8: 186240.67 | M8: 0 | N8: -4595.778 | O8: -1108.99 | P8: 0 | Q8: -1368.584 | R8: -2647.677 | S8: -9885.926 | T8: 1291.173 | U8: 828.067 | V8: 2336.019 | W8: 3307.493 | X8: 0 | Y8: -11844.21 | Z8: -23561.143 | AA8: 16199 | AB8: 0 | AC8: 1901592 | AD8: 224124 | AE8: 7386.8492 | AF8: 0 | AG8: 10979.398 | AH8: 33.573376 | AI8: 4087.0986 | AJ8: 162.22866 | AK8: 5577.45 | AL8: 8825.5897 | AM8: 0 | AN8: 0 | AO8: 4524.3102 | AP8: 26.549486 | AQ8: 0 | AR8: 0 | AS8: 0 | AT8: 24609.8 | AU8: 0 | AV8: 0 | AW8: 887.8 | AX8: 0 | AY8: 0 | AZ8: 0 | BA8: 0 | BB8: 0 | BC8: 2048.9009 | BD8: 0 | BE8: 2890.952 | BF8: 18.023889 | BG8: 1352.5357 | BH8: 684.12964 | BI8: 717.00335 | BJ8: 2031.8667 | BK8: 0 | BL8: 0 | BM8: 1651.7814 | BN8: 3.0307165 | BO8: 10513.835 | BP8: 0 | BQ8: 0 | BR8: 0 | BS8: 22810 | BT8: 0 | BU8: 0 | BV8: 820 | BW8: 0 | BX8: 0 | BY8: 0 | BZ8: 0 | CA8: 0 | CB8: 23180
B9: 7 | C9: Current | D9: Current | E9: 1AABBA | F9: 4/29/2025 9:17:10 | G9: 1167990 | H9: 14789094 | I9: 315037.84 | J9: 174922.89 | K9: 55527.85 | L9: 186240.67 | M9: 0 | N9: -4757.098 | O9: -1111.448 | P9: 0 | Q9: -1368.584 | R9: -2743.786 | S9: -10273.39 | T9: 1361.822 | U9: 918.716 | V9: 2004.662 | W9: 3602.113 | X9: 0 | Y9: -12366.99 | Z9: -37661.047 | AA9: 16288 | AB9: 0 | AC9: 1763412 | AD9: 350527 | AE9: 5731.5627 | AF9: 0 | AG9: 10979.398 | AH9: 49.798631 | AI9: 3998.655 | AJ9: 192.51193 | AK9: 5414.6753 | AL9: 7662.4362 | AM9: 0 | AN9: 0 | AO9: 4524.3102 | AP9: 26.549486 | AQ9: 0 | AR9: 0 | AS9: 0 | AT9: 35940.9 | AU9: 0 | AV9: 0 | AW9: 3937 | AX9: 0 | AY9: 0 | AZ9: 0 | BA9: 0 | BB9: 0 | BC9: 1574.1159 | BD9: 0 | BE9: 2890.952 | BF9: 18.017063 | BG9: 2374.9554 | BH9: 1498.9282 | BI9: 873.13645 | BJ9: 1812.3923 | BK9: 0 | BL9: 0 | BM9: 1651.7814 | BN9: 3.0307165 | BO9: 11274.006 | BP9: 0 | BQ9: 0 | BR9: 0 | BS9: 26990 | BT9: 0 | BU9: 0 | BV9: 2130 | BW9: 0 | BX9: 0 | BY9: 0 | BZ9: 0 | CA9: 0 | CB9: 28710
B10: 8 | C10: Current | D10: Current | E10: 1AABBB | F10: 4/29/2025 9:17:11 | G10: 1167990 | H10: 14789094 | I10: 315037.84 | J10: 174922.89 | K10: 55527.85 | L10: 186240.67 | M10: 0 | N10: -4757.098 | O10: -1111.448 | P10: 0 | Q10: -1368.584 | R10: -2743.786 | S10: -10273.39 | T10: 1361.822 | U10: 918.716 | V10: 2004.662 | W10: 3602.113 | X10: 0 | Y10: -12366.99 | Z10: -24565.689 | AA10: 16283 | AB10: 0 | AC10: 1820010 | AD10: 232992 | AE10: 5731.5627 | AF10: 0 | AG10: 10979.398 | AH10: 35.102386 | AI10: 4014.7949 | AJ10: 151.09896 | AK10: 5581.9688 | AL10: 8773.3645 | AM10: 0 | AN10: 0 | AO10: 4524.3102 | AP10: 26.549486 | AQ10: 0 | AR10: 0 | AS10: 0 | AT10: 25618.6 | AU10: 0 | AV10: 0 | AW10: 887.8 | AX10: 0 | AY10: 0 | AZ10: 0 | BA10: 0 | BB10: 0 | BC10: 1574.1159 | BD10: 0 | BE10: 2890.952 | BF10: 18.054606 | BG10: 1288.0852 | BH10: 616.2252 | BI10: 716.87366 | BJ10: 1962.5084 | BK10: 0 | BL10: 0 | BM10: 1651.7814 | BN10: 3.0307165 | BO10: 9853.1971 | BP10: 0 | BQ10: 0 | BR10: 0 | BS10: 22850 | BT10: 0 | BU10: 0 | BV10: 820 | BW10: 0 | BX10: 0 | BY10: 0 | BZ10: 0 | CA10: 0 | CB10: 23210
B11: 9 | C11: Current | D11: Current | E11: 1ABAAA | F11: 4/29/2025 9:17:13 | G11: 1167990 | H11: 14789094 | I11: 315037.84 | J11: 174922.89 | K11: 55527.85 | L11: 186240.67 | M11: 0 | N11: -4309.447 | O11: -1108.517 | P11: 0 | Q11: -1368.584 | R11: -2898.095 | S11: -6715.244 | T11: 1107.69 | U11: 681.33 | V11: 1973.182 | W11: 2791.834 | X11: 0 | Y11: -9845.851 | Z11: -34408.852 | AA11: 16095 | AB11: 0 | AC11: 1847149 | AD11: 323638 | AE11: 7386.8492 | AF11: 0 | AG11: 10979.398 | AH11: 47.658699 | AI11: 4094.9621 | AJ11: 208.31056 | AK11: 5407.317 | AL11: 7736.5796 | AM11: 0 | AN11: 0 | AO11: 4524.3102 | AP11: 26.549486 | AQ11: 0 | AR11: 0 | AS11: 0 | AT11: 32881.8 | AU11: 0 | AV11: 0 | AW11: 3937 | AX11: 0 | AY11: 0 | AZ11: 0 | BA11: 0 | BB11: 0 | BC11: 2048.9009 | BD11: 0 | BE11: 2890.952 | BF11: 17.979521 | BG11: 2453.522 | BH11: 1515.3582 | BI11: 876.23201 | BJ11: 1902.6142 | BK11: 0 | BL11: 0 | BM11: 1651.7814 | BN11: 3.0307165 | BO11: 12003.139 | BP11: 0 | BQ11: 0 | BR11: 0 | BS11: 25800 | BT11: 0 | BU11: 0 | BV11: 2130 | BW11: 0 | BX11: 0 | BY11: 0 | BZ11: 0 | CA11: 0 | CB11: 27520
B12: 10 | C12: Current | D12: Current | E12: 1ABAAB | F12: 4/29/2025 9:17:15 | G12: 1167990 | H12: 14789094 | I12: 315037.84 | J12: 174922.89 | K12: 55527.85 | L12: 186240.67 | M12: 0 | N12: -4309.447 | O12: -1108.517 | P12: 0 | Q12: -1368.584 | R12: -2898.095 | S12: -6715.244 | T12: 1107.69 | U12: 681.33 | V12: 1973.182 | W12: 2791.834 | X12: 0 | Y12: -9845.851 | Z12: -21317.035 | AA12: 16093 | AB12: 0 | AC12: 1903385 | AD12: 204957 | AE12: 7386.8492 | AF12: 0 | AG12: 10979.398 | AH12: 31.63481 | AI12: 4107.2488 | AJ12: 167.45732 | AK12: 5571.5388 | AL12: 8847.2552 | AM12: 0 | AN12: 0 | AO12: 4524.3102 | AP12: 26.549486 | AQ12: 0 | AR12: 0 | AS12: 0 | AT12: 22429.2 | AU12: 0 | AV12: 0 | AW12: 887.8 | AX12: 0 | AY12: 0 | AZ12: 0 | BA12: 0 | BB12: 0 | BC12: 2048.9009 | BD12: 0 | BE12: 2890.952 | BF12: 18.020476 | BG12: 1371.5323 | BH12: 701.87366 | BI12: 716.46752 | BJ12: 2053.1773 | BK12: 0 | BL12: 0 | BM12: 1651.7814 | BN12: 3.0307165 | BO12: 10592.525 | BP12: 0 | BQ12: 0 | BR12: 0 | BS12: 22340 | BT12: 0 | BU12: 0 | BV12: 820 | BW12: 0 | BX12: 0 | BY12: 0 | BZ12: 0 | CA12: 0 | CB12: 22700
B13: 11 | C13: Current | D13: Current | E13: 1ABABA | F13: 4/29/2025 9:17:17 | G13: 1167990 | H13: 14789094 | I13: 315037.84 | J13: 174922.89 | K13: 55527.85 | L13: 186240.67 | M13: 0 | N13: -4495.643 | O13: -1111.085 | P13: 0 | Q13: -1368.584 | R13: -3031.79 | S13: -7048.75 | T13: 1175.832 | U13: 774.124 | V13: 1735.96 | W13: 3092.879 | X13: 0 | Y13: -10277.06 | Z13: -35374.078 | AA13: 16167 | AB13: 0 | AC13: 1764904 | AD13: 331618 | AE13: 5731.5627 | AF13: 0 | AG13: 10979.398 | AH13: 48.348119 | AI13: 4014.5492 | AJ13: 196.6348 | AK13: 5410.4978 | AL13: 7680.6922 | AM13: 0 | AN13: 0 | AO13: 4524.3102 | AP13: 26.549486 | AQ13: 0 | AR13: 0 | AS13: 0 | AT13: 33789.7 | AU13: 0 | AV13: 0 | AW13: 3937 | AX13: 0 | AY13: 0 | AZ13: 0 | BA13: 0 | BB13: 0 | BC13: 1574.1159 | BD13: 0 | BE13: 2890.952 | BF13: 18.034128 | BG13: 2391.1397 | BH13: 1521.0988 | BI13: 874.13986 | BJ13: 1832.7405 | BK13: 0 | BL13: 0 | BM13: 1651.7814 | BN13: 3.0307165 | BO13: 11343.197 | BP13: 0 | BQ13: 0 | BR13: 0 | BS13: 25860 | BT13: 0 | BU13: 0 | BV13: 2130 | BW13: 0 | BX13: 0 | BY13: 0 | BZ13: 0 | CA13: 0 | CB13: 27580
B14: 12 | C14: Current | D14: Current | E14: 1ABABB | F14: 4/29/2025 9:17:19 | G14: 1167990 | H14: 14789094 | I14: 315037.84 | J14: 174922.89 | K14: 55527.85 | L14: 186240.67 | M14: 0 | N14: -4495.643 | O14: -1111.085 | P14: 0 | Q14: -1368.584 | R14: -3031.79 | S14: -7048.75 | T14: 1175.832 | U14: 774.124 | V14: 1735.96 | W14: 3092.879 | X14: 0 | Y14: -10277.06 | Z14: -22280.221 | AA14: 16166 | AB14: 0 | AC14: 1821491 | AD14: 213477 | AE14: 5731.5627 | AF14: 0 | AG14: 10979.398 | AH14: 32.931738 | AI14: 4032.2556 | AJ14: 155.83275 | AK14: 5576.0268 | AL14: 8791.6887 | AM14: 0 | AN14: 0 | AO14: 4524.3102 | AP14: 26.549486 | AQ14: 0 | AR14: 0 | AS14: 0 | AT14: 23398.5 | AU14: 0 | AV14: 0 | AW14: 887.8 | AX14: 0 | AY14: 0 | AZ14: 0 | BA14: 0 | BB14: 0 | BC14: 1574.1159 | BD14: 0 | BE14: 2890.952 | BF14: 18.051193 | BG14: 1305.0682 | BH14: 632.13305 | BI14: 716.31735 | BJ14: 1982.9384 | BK14: 0 | BL14: 0 | BM14: 1651.7814 | BN14: 3.0307165 | BO14: 9924.8729 | BP14: 0 | BQ14: 0 | BR14: 0 | BS14: 22390 | BT14: 0 | BU14: 0 | BV14: 820 | BW14: 0 | BX14: 0 | BY14: 0 | BZ14: 0 | CA14: 0 | CB14: 22750
B15: 13 | C15: Current | D15: Current | E15: 1ABBAA | F15: 4/29/2025 9:17:21 | G15: 1167990 | H15: 14789094 | I15: 315037.84 | J15: 174922.89 | K15: 55527.85 | L15: 186240.67 | M15: 0 | N15: -4243.205 | O15: -1104.798 | P15: 0 | Q15: -1368.584 | R15: -2400.513 | S15: -6592.154 | T15: 1079.972 | U15: 649.019 | V15: 1896.283 | W15: 2684.943 | X15: 0 | Y15: -9399.036 | Z15: -33679.047 | AA15: 15965 | AB15: 0 | AC15: 1847648 | AD15: 317638 | AE15: 7386.8492 | AF15: 0 | AG15: 10979.398 | AH15: 47.409552 | AI15: 4097.7232 | AJ15: 209.91807 | AK15: 5406.0371 | AL15: 7744.6683 | AM15: 0 | AN15: 0 | AO15: 4524.3102 | AP15: 26.549486 | AQ15: 0 | AR15: 0 | AS15: 0 | AT15: 32199.2 | AU15: 0 | AV15: 0 | AW15: 3937 | AX15: 0 | AY15: 0 | AZ15: 0 | BA15: 0 | BB15: 0 | BC15: 2048.9009 | BD15: 0 | BE15: 2890.952 | BF15: 18.04778 | BG15: 2439.2421 | BH15: 1515.3582 | BI15: 875.43337 | BJ15: 1907.5357 | BK15: 0 | BL15: 0 | BM15: 1651.7814 | BN15: 3.0307165 | BO15: 11993.245 | BP15: 0 | BQ15: 0 | BR15: 0 | BS15: 25530 | BT15: 0 | BU15: 0 | BV15: 2130 | BW15: 0 | BX15: 0 | BY15: 0 | BZ15: 0 | CA15: 0 | CB15: 27250
... B74: 72 | C74: Current | D74: Current | E74: 1CCBBB | F74: 4/29/2025 9:19:16 | G74: 1167990 | H74: 14789094 | I74: 315037.84 | J74: 174922.89 | K74: 55527.85 | L74: 186240.67 | M74: 0 | N74: -1870.439 | O74: -1101.627 | P74: 0 | Q74: -1368.584 | R74: -2119.507 | S74: -4764.581 | T74: 853.58 | U74: 490.148 | V74: 1209.543 | W74: 2099.54 | X74: 0 | Y74: -6571.928 | Z74: -17203.277 | AA74: 15634 | AB74: 0 | AC74: 1823888 | AD74: 169368 | AE74: 5731.5627 | AF74: 0 | AG74: 10979.398 | AH74: 27.525595 | AI74: 4063.4024 | AJ74: 164.14333 | AK74: 5563.1565 | AL74: 8822.9686 | AM74: 0 | AN74: 0 | AO74: 4524.3102 | AP74: 26.549486 | AQ74: 0 | AR74: 0 | AS74: 0 | AT74: 18380.4 | AU74: 0 | AV74: 0 | AW74: 887.8 | AX74: 0 | AY74: 0 | AZ74: 0 | BA74: 0 | BB74: 0 | BC74: 1574.1159 | BD74: 0 | BE74: 2890.952 | BF74: 17.986347 | BG74: 1293.8873 | BH74: 646.70302 | BI74: 712.42656 | BJ74: 1994.4674 | BK74: 0 | BL74: 0 | BM74: 1651.7814 | BN74: 3.0307165 | BO74: 9952.5828 | BP74: 0 | BQ74: 0 | BR74: 0 | BS74: 20320 | BT74: 0 | BU74: 0 | BV74: 820 | BW74: 0 | BX74: 0 | BY74: 0 | BZ74: 0 | CA74: 0 | CB74: 20690
A75: x | B75: 73 | C75: Current | D75: Improved | E75: 1AAAAA | F75: 4/29/2025 9:16:54 | G75: 1167990 | H75: 14789094 | I75: 315037.84 | J75: 174922.89 | K75: 55527.85 | L75: 186240.67 | M75: 0 | N75: -4649.082 | O75: -1111.681 | P75: 0 | Q75: -1368.584 | R75: -3177.809 | S75: -10021.72 | T75: 1318.816 | U75: 858.848 | V75: 2408.691 | W75: 3408.915 | X75: 0 | Y75: -12333.6 | Z75: -32212.334 | AA75: 14894 | AB75: 0 | AC75: 1662998 | AD75: 293468 | AE75: 7386.8492 | AF75: 0 | AG75: 10979.398 | AH75: 47.525593 | AI75: 3661.8802 | AJ75: 171.47439 | AK75: 3494.7028 | AL75: 6080.962 | AM75: 0 | AN75: 0 | AO75: 4533.7198 | AP75: 26.549486 | AQ75: 0 | AR75: 0 | AS75: 0 | AT75: 29813.2 | AU75: 0 | AV75: 0 | AW75: 3573.5 | AX75: 0 | AY75: 0 | AZ75: 0 | BA75: 0 | BB75: 0 | BC75: 2048.9009 | BD75: 0 | BE75: 2890.952 | BF75: 18.027302 | BG75: 2407.5698 | BH75: 1543.2763 | BI75: 535.31054 | BJ75: 1813.836 | BK75: 0 | BL75: 0 | BM75: 1651.7814 | BN75: 3.0307165 | BO75: 11529.136 | BP75: 0 | BQ75: 0 | BR75: 0 | BS75: 27240 | BT75: 0 | BU75: 0 | BV75: 2130 | BW75: 0 | BX75: 0 | BY75: 0 | BZ75: 0 | CA75: 0 | CB75: 28960
B76: 74 | C76: Current | D76: Improved | E76: 1AAAAB | F76: 4/29/2025 9:16:56 | G76: 1167990 | H76: 14789094 | I76: 315037.84 | J76: 174922.89 | K76: 55527.85 | L76: 186240.67 | M76: 0 | N76: -4649.082 | O76: -1111.681 | P76: 0 | Q76: -1368.584 | R76: -3177.809 | S76: -10021.72 | T76: 1318.816 | U76: 858.848 | V76: 2408.691 | W76: 3408.915 | X76: 0 | Y76: -12333.6 | Z76: -20365.758 | AA76: 14890 | AB76: 0 | AC76: 1715219 | AD76: 188230 | AE76: 7386.8492 | AF76: 0 | AG76: 10979.398 | AH76: 33.805458 | AI76: 3685.4058 | AJ76: 137.1877 | AK76: 3659.5628 | AL76: 7083.1223 | AM76: 0 | AN76: 0 | AO76: 4533.7198 | AP76: 26.549486 | AQ76: 0 | AR76: 0 | AS76: 0 | AT76: 20608.7 | AU76: 0 | AV76: 0 | AW76: 805.5 | AX76: 0 | AY76: 0 | AZ76: 0 | BA76: 0 | BB76: 0 | BC76: 2048.9009 | BD76: 0 | BE76: 2890.952 | BF76: 18.051193 | BG76: 1328.2217 | BH76: 660.65182 | BI76: 469.83955 | BJ76: 1958.3514 | BK76: 0 | BL76: 0 | BM76: 1651.7814 | BN76: 3.0307165 | BO76: 10177.061 | BP76: 0 | BQ76: 0 | BR76: 0 | BS76: 22970 | BT76: 0 | BU76: 0 | BV76: 820 | BW76: 0 | BX76: 0 | BY76: 0 | BZ76: 0 | CA76: 0 | CB76: 23330
B77: 75 | C77: Current | D77: Improved | E77: 1AAABA | F77: 4/29/2025 9:16:57 | G77: 1167990 | H77: 14789094 | I77: 315037.84 | J77: 174922.89 | K77: 55527.85 | L77: 186240.67 | M77: 0 | N77: -4807.696 | O77: -1113.906 | P77: 0 | Q77: -1368.584 | R77: -3290.236 | S77: -10403.42 | T77: 1390.797 | U77: 950.243 | V77: 2061.176 | W77: 3707.062 | X77: 0 | Y77: -12874.56 | Z77: -33228.461 | AA77: 14988 | AB77: 0 | AC77: 1581018 | AD77: 302080 | AE77: 5731.5627 | AF77: 0 | AG77: 10979.398 | AH77: 48.747436 | AI77: 3587.7983 | AJ77: 161.01023 | AK77: 3490.3649 | AL77: 6030.3647 | AM77: 0 | AN77: 0 | AO77: 4533.7198 | AP77: 26.549486 | AQ77: 0 | AR77: 0 | AS77: 0 | AT77: 30792.9 | AU77: 0 | AV77: 0 | AW77: 3573.5 | AX77: 0 | AY77: 0 | AZ77: 0 | BA77: 0 | BB77: 0 | BC77: 1574.1159 | BD77: 0 | BE77: 2890.952 | BF77: 18.023889 | BG77: 2345.6005 | BH77: 1458.6142 | BI77: 532.98289 | BJ77: 1746.7951 | BK77: 0 | BL77: 0 | BM77: 1651.7814 | BN77: 3.0307165 | BO77: 10874.518 | BP77: 0 | BQ77: 0 | BR77: 0 | BS77: 27300 | BT77: 0 | BU77: 0 | BV77: 2130 | BW77: 0 | BX77: 0 | BY77: 0 | BZ77: 0 | CA77: 0 | CB77: 29020
B78: 76 | C78: Current | D78: Improved | E78: 1AAABB | F78: 4/29/2025 9:16:59 | G78: 1167990 | H78: 14789094 | I78: 315037.84 | J78: 174922.89 | K78: 55527.85 | L78: 186240.67 | M78: 0 | N78: -4807.696 | O78: -1113.906 | P78: 0 | Q78: -1368.584 | R78: -3290.236 | S78: -10403.42 | T78: 1390.797 | U78: 950.243 | V78: 2061.176 | W78: 3707.062 | X78: 0 | Y78: -12874.56 | Z78: -21380.381 | AA78: 14984 | AB78: 0 | AC78: 1633294 | AD78: 197043 | AE78: 5731.5627 | AF78: 0 | AG78: 10979.398 | AH78: 35.238905 | AI78: 3611.9144 | AJ78: 126.12627 | AK78: 3655.9758 | AL78: 7032.6922 | AM78: 0 | AN78: 0 | AO78: 4533.7198 | AP78: 26.549486 | AQ78: 0 | AR78: 0 | AS78: 0 | AT78: 21611.3 | AU78: 0 | AV78: 0 | AW78: 805.5 | AX78: 0 | AY78: 0 | AZ78: 0 | BA78: 0 | BB78: 0 | BC78: 1574.1159 | BD78: 0 | BE78: 2890.952 | BF78: 18.04778 | BG78: 1264.1535 | BH78: 593.06821 | BI78: 469.15354 | BJ78: 1891.5527 | BK78: 0 | BL78: 0 | BM78: 1651.7814 | BN78: 3.0307165 | BO78: 9517.2108 | BP78: 0 | BQ78: 0 | BR78: 0 | BS78: 23000 | BT78: 0 | BU78: 0 | BV78: 820 | BW78: 0 | BX78: 0 | BY78: 0 | BZ78: 0 | CA78: 0 | CB78: 23360
B79: 77 | C79: Current | D79: Improved | E79: 1AABAA | F79: 4/29/2025 9:17:01 | G79: 1167990 | H79: 14789094 | I79: 315037.84 | J79: 174922.89 | K79: 55527.85 | L79: 186240.67 | M79: 0 | N79: -4595.778 | O79: -1108.99 | P79: 0 | Q79: -1368.584 | R79: -2647.677 | S79: -9885.926 | T79: 1291.173 | U79: 828.067 | V79: 2336.019 | W79: 3307.493 | X79: 0 | Y79: -11844.21 | Z79: -31483.686 | AA79: 14741 | AB79: 0 | AC79: 1663094 | AD79: 287462 | AE79: 7386.8492 | AF79: 0 | AG79: 10979.398 | AH79: 47.156993 | AI79: 3660.2284 | AJ79: 172.66893 | AK79: 3493.1601 | AL79: 6085.4329 | AM79: 0 | AN79: 0 | AO79: 4533.7198 | AP79: 26.549486 | AQ79: 0 | AR79: 0 | AS79: 0 | AT79: 29129.9 | AU79: 0 | AV79: 0 | AW79: 3573.5 | AX79: 0 | AY79: 0 | AZ79: 0 | BA79: 0 | BB79: 0 | BC79: 2048.9009 | BD79: 0 | BE79: 2890.952 | BF79: 18.068258 | BG79: 2393.8394 | BH79: 1523.8053 | BI79: 534.76787 | BJ79: 1822.4504 | BK79: 0 | BL79: 0 | BM79: 1651.7814 | BN79: 3.0307165 | BO79: 11519.962 | BP79: 0 | BQ79: 0 | BR79: 0 | BS79: 26690 | BT79: 0 | BU79: 0 | BV79: 2130 | BW79: 0 | BX79: 0 | BY79: 0 | BZ79: 0 | CA79: 0 | CB79: 28340
B80: 78 | C80: Current | D80: Improved | E80: 1AABAB | F80: 4/29/2025 9:17:03 | G80: 1167990 | H80: 14789094 | I80: 315037.84 | J80: 174922.89 | K80: 55527.85 | L80: 186240.67 | M80: 0 | N80: -4595.778 | O80: -1108.99 | P80: 0 | Q80: -1368.584 | R80: -2647.677 | S80: -9885.926 | T80: 1291.173 | U80: 828.067 | V80: 2336.019 | W80: 3307.493 | X80: 0 | Y80: -11844.21 | Z80: -19637.393 | AA80: 14737 | AB80: 0 | AC80: 1715394 | AD80: 182006 | AE80: 7386.8492 | AF80: 0 | AG80: 10979.398 | AH80: 33.044366 | AI80: 3686.4468 | AJ80: 138.12286 | AK80: 3657.4673 | AL80: 7087.8219 | AM80: 0 | AN80: 0 | AO80: 4533.7198 | AP80: 26.549486 | AQ80: 0 | AR80: 0 | AS80: 0 | AT80: 19900.6 | AU80: 0 | AV80: 0 | AW80: 805.5 | AX80: 0 | AY80: 0 | AZ80: 0 | BA80: 0 | BB80: 0 | BC80: 2048.9009 | BD80: 0 | BE80: 2890.952 | BF80: 18.037541 | BG80: 1314.6449 | BH80: 648.71326 | BI80: 469.41976 | BJ80: 1966.9862 | BK80: 0 | BL80: 0 | BM80: 1651.7814 | BN80: 3.0307165 | BO80: 10167.255 | BP80: 0 | BQ80: 0 | BR80: 0 | BS80: 22830 | BT80: 0 | BU80: 0 | BV80: 820 | BW80: 0 | BX80: 0 | BY80: 0 | BZ80: 0 | CA80: 0 | CB80: 23190
B81: 79 | C81: Current | D81: Improved | E81: 1AABBA | F81: 4/29/2025 9:17:05 | G81: 1167990 | H81: 14789094 | I81: 315037.84 | J81: 174922.89 | K81: 55527.85 | L81: 186240.67 | M81: 0 | N81: -4757.098 | O81: -1111.448 | P81: 0 | Q81: -1368.584 | R81: -2743.786 | S81: -10273.39 | T81: 1361.822 | U81: 918.716 | V81: 2004.662 | W81: 3602.113 | X81: 0 | Y81: -12366.99 | Z81: -32489.775 | AA81: 14825 | AB81: 0 | AC81: 1580935 | AD81: 295886 | AE81: 5731.5627 | AF81: 0 | AG81: 10979.398 | AH81: 48.037539 | AI81: 3584.9963 | AJ81: 161.56654 | AK81: 3488.6755 | AL81: 6033.1531 | AM81: 0 | AN81: 0 | AO81: 4533.7198 | AP81: 26.549486 | AQ81: 0 | AR81: 0 | AS81: 0 | AT81: 30088.3 | AU81: 0 | AV81: 0 | AW81: 3573.5 | AX81: 0 | AY81: 0 | AZ81: 0 | BA81: 0 | BB81: 0 | BC81: 1574.1159 | BD81: 0 | BE81: 2890.952 | BF81: 18.04778 | BG81: 2332.7029 | BH81: 1441.034 | BI81: 532.47777 | BJ81: 1755.0988 | BK81: 0 | BL81: 0 | BM81: 1651.7814 | BN81: 3.0307165 | BO81: 10866.996 | BP81: 0 | BQ81: 0 | BR81: 0 | BS81: 27030 | BT81: 0 | BU81: 0 | BV81: 2130 | BW81: 0 | BX81: 0 | BY81: 0 | BZ81: 0 | CA81: 0 | CB81: 28750
B82: 80 | C82: Current | D82: Improved | E82: 1AABBB | F82: 4/29/2025 9:17:07 | G82: 1167990 | H82: 14789094 | I82: 315037.84 | J82: 174922.89 | K82: 55527.85 | L82: 186240.67 | M82: 0 | N82: -4757.098 | O82: -1111.448 | P82: 0 | Q82: -1368.584 | R82: -2743.786 | S82: -10273.39 | T82: 1361.822 | U82: 918.716 | V82: 2004.662 | W82: 3602.113 | X82: 0 | Y82: -12366.99 | Z82: -20641.926 | AA82: 14821 | AB82: 0 | AC82: 1633328 | AD82: 190879 | AE82: 5731.5627 | AF82: 0 | AG82: 10979.398 | AH82: 34.587028 | AI82: 3611.9314 | AJ82: 126.81569 | AK82: 3653.7574 | AL82: 7035.5864 | AM82: 0 | AN82: 0 | AO82: 4533.7198 | AP82: 26.549486 | AQ82: 0 | AR82: 0 | AS82: 0 | AT82: 20910 | AU82: 0 | AV82: 0 | AW82: 805.5 | AX82: 0 | AY82: 0 | AZ82: 0 | BA82: 0 | BB82: 0 | BC82: 1574.1159 | BD82: 0 | BE82: 2890.952 | BF82: 18.034128 | BG82: 1250.761 | BH82: 582.43681 | BI82: 468.73375 | BJ82: 1899.8224 | BK82: 0 | BL82: 0 | BM82: 1651.7814 | BN82: 3.0307165 | BO82: 9509.5419 | BP82: 0 | BQ82: 0 | BR82: 0 | BS82: 22860 | BT82: 0 | BU82: 0 | BV82: 820 | BW82: 0 | BX82: 0 | BY82: 0 | BZ82: 0 | CA82: 0 | CB82: 23230
B83: 81 | C83: Current | D83: Improved | E83: 1ABAAA | F83: 4/29/2025 9:17:09 | G83: 1167990 | H83: 14789094 | I83: 315037.84 | J83: 174922.89 | K83: 55527.85 | L83: 186240.67 | M83: 0 | N83: -4309.447 | O83: -1108.517 | P83: 0 | Q83: -1368.584 | R83: -2898.095 | S83: -6715.244 | T83: 1107.69 | U83: 681.33 | V83: 1973.182 | W83: 2791.834 | X83: 0 | Y83: -9845.851 | Z83: -29237.557 | AA83: 14632 | AB83: 0 | AC83: 1664883 | AD83: 268953 | AE83: 7386.8492 | AF83: 0 | AG83: 10979.398 | AH83: 45.883955 | AI83: 3675.4741 | AJ83: 178.27644 | AK83: 3490.8495 | AL83: 6107.3135 | AM83: 0 | AN83: 0 | AO83: 4533.7198 | AP83: 26.549486 | AQ83: 0 | AR83: 0 | AS83: 0 | AT83: 27024.1 | AU83: 0 | AV83: 0 | AW83: 3573.5 | AX83: 0 | AY83: 0 | AZ83: 0 | BA83: 0 | BB83: 0 | BC83: 2048.9009 | BD83: 0 | BE83: 2890.952 | BF83: 18.01365 | BG83: 2410.9179 | BH83: 1547.2593 | BI83: 535.49142 | BJ83: 1853.249 | BK83: 0 | BL83: 0 | BM83: 1651.7814 | BN83: 3.0307165 | BO83: 11593.033 | BP83: 0 | BQ83: 0 | BR83: 0 | BS83: 25820 | BT83: 0 | BU83: 0 | BV83: 2130 | BW83: 0 | BX83: 0 | BY83: 0 | BZ83: 0 | CA83: 0 | CB83: 27550
B84: 82 | C84: Current | D84: Improved | E84: 1ABAAB | F84: 4/29/2025 9:17:10 | G84: 1167990 | H84: 14789094 | I84: 315037.84 | J84: 174922.89 | K84: 55527.85 | L84: 186240.67 | M84: 0 | N84: -4309.447 | O84: -1108.517 | P84: 0 | Q84: -1368.584 | R84: -2898.095 | S84: -6715.244 | T84: 1107.69 | U84: 681.33 | V84: 1973.182 | W84: 2791.834 | X84: 0 | Y84: -9845.851 | Z84: -17393.246 | AA84: 14631 | AB84: 0 | AC84: 1717280 | AD84: 162841 | AE84: 7386.8492 | AF84: 0 | AG84: 10979.398 | AH84: 31.068257 | AI84: 3706.4263 | AJ84: 144.03412 | AK84: 3653.126 | AL84: 7109.4841 | AM84: 0 | AN84: 0 | AO84: 4533.7198 | AP84: 26.549486 | AQ84: 0 | AR84: 0 | AS84: 0 | AT84: 17720.3 | AU84: 0 | AV84: 0 | AW84: 805.5 | AX84: 0 | AY84: 0 | AZ84: 0 | BA84: 0 | BB84: 0 | BC84: 2048.9009 | BD84: 0 | BE84: 2890.952 | BF84: 18.051193 | BG84: 1333.232 | BH84: 665.94875 | BI84: 468.46754 | BJ84: 1998.0613 | BK84: 0 | BL84: 0 | BM84: 1651.7814 | BN84: 3.0307165 | BO84: 10243.876 | BP84: 0 | BQ84: 0 | BR84: 0 | BS84: 22350 | BT84: 0 | BU84: 0 | BV84: 820 | BW84: 0 | BX84: 0 | BY84: 0 | BZ84: 0 | CA84: 0 | CB84: 22720
B85: 83 | C85: Current | D85: Improved | E85: 1ABABA | F85: 4/29/2025 9:17:12 | G85: 1167990 | H85: 14789094 | I85: 315037.84 | J85: 174922.89 | K85: 55527.85 | L85: 186240.67 | M85: 0 | N85: -4495.643 | O85: -1111.085 | P85: 0 | Q85: -1368.584 | R85: -3031.79 | S85: -7048.75 | T85: 1175.832 | U85: 774.124 | V85: 1735.96 | W85: 3092.879 | X85: 0 | Y85: -10277.06 | Z85: -30202.85 | AA85: 14704 | AB85: 0 | AC85: 1582327 | AD85: 276941 | AE85: 5731.5627 | AF85: 0 | AG85: 10979.398 | AH85: 46.566549 | AI85: 3596.6516 | AJ85: 166.23207 | AK85: 3486.027 | AL85: 6051.4125 | AM85: 0 | AN85: 0 | AO85: 4533.7198 | AP85: 26.549486 | AQ85: 0 | AR85: 0 | AS85: 0 | AT85: 27932.9 | AU85: 0 | AV85: 0 | AW85: 3573.5 | AX85: 0 | AY85: 0 | AZ85: 0 | BA85: 0 | BB85: 0 | BC85: 1574.1159 | BD85: 0 | BE85: 2890.952 | BF85: 18.034128 | BG85: 2348.6517 | BH85: 1462.7678 | BI85: 533.15013 | BJ85: 1784.662 | BK85: 0 | BL85: 0 | BM85: 1651.7814 | BN85: 3.0307165 | BO85: 10934.62 | BP85: 0 | BQ85: 0 | BR85: 0 | BS85: 25890 | BT85: 0 | BU85: 0 | BV85: 2130 | BW85: 0 | BX85: 0 | BY85: 0 | BZ85: 0 | CA85: 0 | CB85: 27610
B86: 84 | C86: Current | D86: Improved | E86: 1ABABB | F86: 4/29/2025 9:17:14 | G86: 1167990 | H86: 14789094 | I86: 315037.84 | J86: 174922.89 | K86: 55527.85 | L86: 186240.67 | M86: 0 | N86: -4495.643 | O86: -1111.085 | P86: 0 | Q86: -1368.584 | R86: -3031.79 | S86: -7048.75 | T86: 1175.832 | U86: 774.124 | V86: 1735.96 | W86: 3092.879 | X86: 0 | Y86: -10277.06 | Z86: -18356.477 | AA86: 14704 | AB86: 0 | AC86: 1634879 | AD86: 171377 | AE86: 5731.5627 | AF86: 0 | AG86: 10979.398 | AH86: 32.402728 | AI86: 3629.2215 | AJ86: 131.64504 | AK86: 3649.4195 | AL86: 7053.9209 | AM86: 0 | AN86: 0 | AO86: 4533.7198 | AP86: 26.549486 | AQ86: 0 | AR86: 0 | AS86: 0 | AT86: 18691.4 | AU86: 0 | AV86: 0 | AW86: 805.5 | AX86: 0 | AY86: 0 | AZ86: 0 | BA86: 0 | BB86: 0 | BC86: 1574.1159 | BD86: 0 | BE86: 2890.952 | BF86: 18.037541 | BG86: 1267.3787 | BH86: 597.89415 | BI86: 467.77471 | BJ86: 1929.2934 | BK86: 0 | BL86: 0 | BM86: 1651.7814 | BN86: 3.0307165 | BO86: 9579.1937 | BP86: 0 | BQ86: 0 | BR86: 0 | BS86: 22400 | BT86: 0 | BU86: 0 | BV86: 820 | BW86: 0 | BX86: 0 | BY86: 0 | BZ86: 0 | CA86: 0 | CB86: 22770
B87: 85 | C87: Current | D87: Improved | E87: 1ABBAA | F87: 4/29/2025 9:17:16 | G87: 1167990 | H87: 14789094 | I87: 315037.84 | J87: 174922.89 | K87: 55527.85 | L87: 186240.67 | M87: 0 | N87: -4243.205 | O87: -1104.798 | P87: 0 | Q87: -1368.584 | R87: -2400.513 | S87: -6592.154 | T87: 1079.972 | U87: 649.019 | V87: 1896.283 | W87: 2684.943 | X87: 0 | Y87: -9399.036 | Z87: -28507.744 | AA87: 14502 | AB87: 0 | AC87: 1665301 | AD87: 262964 | AE87: 7386.8492 | AF87: 0 | AG87: 10979.398 | AH87: 45.627983 | AI87: 3676.7915 | AJ87: 179.76449 | AK87: 3489.3512 | AL87: 6115.4193 | AM87: 0 | AN87: 0 | AO87: 4533.7198 | AP87: 26.549486 | AQ87: 0 | AR87: 0 | AS87: 0 | AT87: 26342.8 | AU87: 0 | AV87: 0 | AW87: 3573.5 | AX87: 0 | AY87: 0 | AZ87: 0 | BA87: 0 | BB87: 0 | BC87: 2048.9009 | BD87: 0 | BE87: 2890.952 | BF87: 18.078497 | BG87: 2397.2114 | BH87: 1528.2763 | BI87: 535.02726 | BJ87: 1862.133 | BK87: 0 | BL87: 0 | BM87: 1651.7814 | BN87: 3.0307165 | BO87: 11583.818 | BP87: 0 | BQ87: 0 | BR87: 0 | BS87: 25560 | BT87: 0 | BU87: 0 | BV87: 2130 | BW87: 0 | BX87: 0 | BY87: 0 | BZ87: 0 | CA87: 0 | CB87: 27280
... B146: 144 | C146: Current | D146: Improved | E146: 1CCBBB | F146: 4/29/2025 9:19:13 | G146: 1167990 | H146: 14789094 | I146: 315037.84 | J146: 174922.89 | K146: 55527.85 | L146: 186240.67 | M146: 0 | N146: -1870.439 | O146: -1101.627 | P146: 0 | Q146: -1368.584 | R146: -2119.507 | S146: -4764.581 | T146: 853.58 | U146: 490.148 | V146: 1209.543 | W146: 2099.54 | X146: 0 | Y146: -6571.928 | Z146: -13279.52 | AA146: 14172 | AB146: 0 | AC146: 1637154 | AD146: 127260 | AE146: 5731.5627 | AF146: 0 | AG146: 10979.398 | AH146: 26.965868 | AI146: 3655.8188 | AJ146: 139.69282 | AK146: 3638.7164 | AL146: 7085.2042 | AM146: 0 | AN146: 0 | AO146: 4533.7198 | AP146: 26.549486 | AQ146: 0 | AR146: 0 | AS146: 0 | AT146: 13672.3 | AU146: 0 | AV146: 0 | AW146: 805.5 | AX146: 0 | AY146: 0 | AZ146: 0 | BA146: 0 | BB146: 0 | BC146: 1574.1159 | BD146: 0 | BE146: 2890.952 | BF146: 18.020476 | BG146: 1256.505 | BH146: 604.38903 | BI146: 462.34808 | BJ146: 1954.423 | BK146: 0 | BL146: 0 | BM146: 1651.7814 | BN146: 3.0307165 | BO146: 9607.0982 | BP146: 0 | BQ146: 0 | BR146: 0 | BS146: 20350 | BT146: 0 | BU146: 0 | BV146: 820 | BW146: 0 | BX146: 0 | BY146: 0 | BZ146: 0 | CA146: 0 | CB146: 20720
A147: x | B147: 145 | C147: ASHP | D147: Improved | E147: 1AAAAA | F147: 4/29/2025 9:17:02 | G147: 1167990 | H147: 14789094 | I147: 315037.84 | J147: 174922.89 | K147: 55527.85 | L147: 186240.67 | M147: 0 | N147: -4649.082 | O147: -1111.681 | P147: 0 | Q147: -1368.584 | R147: -3177.809 | S147: -10021.72 | T147: 1318.816 | U147: 858.848 | V147: 2408.691 | W147: 3408.915 | X147: 0 | Y147: -12333.6 | Z147: -31414.166 | AA147: 18888 | AB147: 17 | AC147: 2144127 | AD147: 75792 | AE147: 7386.8492 | AF147: 0 | AG147: 10979.398 | AH147: 10468.73 | AI147: 3885.3819 | AJ147: 92.546067 | AK147: 3439.0065 | AL147: 6097.0234 | AM147: 0 | AN147: 0 | AO147: 4533.7198 | AP147: 26.549486 | AQ147: 0 | AR147: 0 | AS147: 0 | AT147: 8622.5 | AU147: 0 | AV147: 0 | AW147: 0 | AX147: 0 | AY147: 0 | AZ147: 0 | BA147: 0 | BB147: 0 | BC147: 2048.9009 | BD147: 0 | BE147: 2890.952 | BF147: 4001.4434 | BG147: 1448.0442 | BH147: 870.56648 | BI147: 480.20133 | BJ147: 1849.2729 | BK147: 0 | BL147: 0 | BM147: 1651.7814 | BN147: 3.0307165 | BO147: 12865.521 | BP147: 0 | BQ147: 0 | BR147: 0 | BS147: 33210 | BT147: 0 | BU147: 0 | BV147: 0 | BW147: 0 | BX147: 0 | BY147: 0 | BZ147: 0 | CA147: 0 | CB147: 33210
B148: 146 | C148: ASHP | D148: Improved | E148: 1AAAAB | F148: 4/29/2025 9:17:04 | G148: 1167990 | H148: 14789094 | I148: 315037.84 | J148: 174922.89 | K148: 55527.85 | L148: 186240.67 | M148: 0 | N148: -4649.082 | O148: -1111.681 | P148: 0 | Q148: -1368.584 | R148: -3177.809 | S148: -10021.72 | T148: 1318.816 | U148: 858.848 | V148: 2408.691 | W148: 3408.915 | X148: 0 | Y148: -12333.6 | Z148: -20375.576 | AA148: 15171 | AB148: 0 | AC148: 2013841 | AD148: 56650 | AE148: 7386.8492 | AF148: 0 | AG148: 10979.398 | AH148: 6478.3066 | AI148: 3927.6584 | AJ148: 62.027299 | AK148: 3622.2625 | AL148: 7042.0711 | AM148: 0 | AN148: 0 | AO148: 4533.7198 | AP148: 26.549486 | AQ148: 0 | AR148: 0 | AS148: 0 | AT148: 6444.8 | AU148: 0 | AV148: 0 | AW148: 0 | AX148: 0 | AY148: 0 | AZ148: 0 | BA148: 0 | BB148: 0 | BC148: 2048.9009 | BD148: 0 | BE148: 2890.952 | BF148: 4001.5901 | BG148: 1264.1978 | BH148: 810.8873 | BI148: 459.80542 | BJ148: 1951.8599 | BK148: 0 | BL148: 0 | BM148: 1651.7814 | BN148: 3.0307165 | BO148: 13003.589 | BP148: 0 | BQ148: 0 | BR148: 0 | BS148: 29610 | BT148: 0 | BU148: 0 | BV148: 0 | BW148: 0 | BX148: 0 | BY148: 0 | BZ148: 0 | CA148: 0 | CB148: 29610
B149: 147 | C149: ASHP | D149: Improved | E149: 1AAABA | F149: 4/29/2025 9:17:06 | G149: 1167990 | H149: 14789094 | I149: 315037.84 | J149: 174922.89 | K149: 55527.85 | L149: 186240.67 | M149: 0 | N149: -4807.696 | O149: -1113.906 | P149: 0 | Q149: -1368.584 | R149: -3290.236 | S149: -10403.42 | T149: 1390.797 | U149: 950.243 | V149: 2061.176 | W149: 3707.062 | X149: 0 | Y149: -12874.56 | Z149: -32400.09 | AA149: 19988 | AB149: 6 | AC149: 2077614 | AD149: 76823 | AE149: 5731.5627 | AF149: 0 | AG149: 10979.398 | AH149: 10815.258 | AI149: 3807.812 | AJ149: 84.194532 | AK149: 3431.01 | AL149: 6044.5456 | AM149: 0 | AN149: 0 | AO149: 4533.7198 | AP149: 26.549486 | AQ149: 0 | AR149: 0 | AS149: 0 | AT149: 8739.9 | AU149: 0 | AV149: 0 | AW149: 0 | AX149: 0 | AY149: 0 | AZ149: 0 | BA149: 0 | BB149: 0 | BC149: 1574.1159 | BD149: 0 | BE149: 2890.952 | BF149: 4001.4604 | BG149: 1445.0613 | BH149: 871.23884 | BI149: 474.47778 | BJ149: 1744.6961 | BK149: 0 | BL149: 0 | BM149: 1651.7814 | BN149: 3.0307165 | BO149: 12344.439 | BP149: 0 | BQ149: 0 | BR149: 0 | BS149: 33590 | BT149: 0 | BU149: 0 | BV149: 0 | BW149: 0 | BX149: 0 | BY149: 0 | BZ149: 0 | CA149: 0 | CB149: 33590
B150: 148 | C150: ASHP | D150: Improved | E150: 1AAABB | F150: 4/29/2025 9:17:08 | G150: 1167990 | H150: 14789094 | I150: 315037.84 | J150: 174922.89 | K150: 55527.85 | L150: 186240.67 | M150: 0 | N150: -4807.696 | O150: -1113.906 | P150: 0 | Q150: -1368.584 | R150: -3290.236 | S150: -10403.42 | T150: 1390.797 | U150: 950.243 | V150: 2061.176 | W150: 3707.062 | X150: 0 | Y150: -12874.56 | Z150: -21387.9 | AA150: 15300 | AB150: 0 | AC150: 1949453 | AD150: 57275 | AE150: 5731.5627 | AF150: 0 | AG150: 10979.398 | AH150: 6862.8766 | AI150: 3856.5662 | AJ150: 53.839586 | AK150: 3614.184 | AL150: 6991.4056 | AM150: 0 | AN150: 0 | AO150: 4533.7198 | AP150: 26.549486 | AQ150: 0 | AR150: 0 | AS150: 0 | AT150: 6515.9 | AU150: 0 | AV150: 0 | AW150: 0 | AX150: 0 | AY150: 0 | AZ150: 0 | BA150: 0 | BB150: 0 | BC150: 1574.1159 | BD150: 0 | BE150: 2890.952 | BF150: 4001.5116 | BG150: 1193.2388 | BH150: 764.52212 | BI150: 456.67573 | BJ150: 1885.0647 | BK150: 0 | BL150: 0 | BM150: 1651.7814 | BN150: 3.0307165 | BO150: 12500.746 | BP150: 0 | BQ150: 0 | BR150: 0 | BS150: 29670 | BT150: 0 | BU150: 0 | BV150: 0 | BW150: 0 | BX150: 0 | BY150: 0 | BZ150: 0 | CA150: 0 | CB150: 29670
B151: 149 | C151: ASHP | D151: Improved | E151: 1AABAA | F151: 4/29/2025 9:17:10 | G151: 1167990 | H151: 14789094 | I151: 315037.84 | J151: 174922.89 | K151: 55527.85 | L151: 186240.67 | M151: 0 | N151: -4595.778 | O151: -1108.99 | P151: 0 | Q151: -1368.584 | R151: -2647.677 | S151: -9885.926 | T151: 1291.173 | U151: 828.067 | V151: 2336.019 | W151: 3307.493 | X151: 0 | Y151: -11844.21 | Z151: -30744.932 | AA151: 17729 | AB151: 18 | AC151: 2133988 | AD151: 74458 | AE151: 7386.8492 | AF151: 0 | AG151: 10979.398 | AH151: 10243.753 | AI151: 3886.2045 | AJ151: 93.341289 | AK151: 3438.1021 | AL151: 6099.4671 | AM151: 0 | AN151: 0 | AO151: 4533.7198 | AP151: 26.549486 | AQ151: 0 | AR151: 0 | AS151: 0 | AT151: 8470.7 | AU151: 0 | AV151: 0 | AW151: 0 | AX151: 0 | AY151: 0 | AZ151: 0 | BA151: 0 | BB151: 0 | BC151: 2048.9009 | BD151: 0 | BE151: 2890.952 | BF151: 4001.5457 | BG151: 1446.2217 | BH151: 873.05112 | BI151: 477.89075 | BJ151: 1851.9316 | BK151: 0 | BL151: 0 | BM151: 1651.7814 | BN151: 3.0307165 | BO151: 12841.327 | BP151: 0 | BQ151: 0 | BR151: 0 | BS151: 32530 | BT151: 0 | BU151: 0 | BV151: 0 | BW151: 0 | BX151: 0 | BY151: 0 | BZ151: 0 | CA151: 0 | CB151: 32530
B152: 150 | C152: ASHP | D152: Improved | E152: 1AABAB | F152: 4/29/2025 9:17:11 | G152: 1167990 | H152: 14789094 | I152: 315037.84 | J152: 174922.89 | K152: 55527.85 | L152: 186240.67 | M152: 0 | N152: -4595.778 | O152: -1108.99 | P152: 0 | Q152: -1368.584 | R152: -2647.677 | S152: -9885.926 | T152: 1291.173 | U152: 828.067 | V152: 2336.019 | W152: 3307.493 | X152: 0 | Y152: -11844.21 | Z152: -19646.307 | AA152: 14946 | AB152: 0 | AC152: 2001583 | AD152: 55912 | AE152: 7386.8492 | AF152: 0 | AG152: 10979.398 | AH152: 6205.2179 | AI152: 3928.5389 | AJ152: 62.450507 | AK152: 3621.4502 | AL152: 7046.4704 | AM152: 0 | AN152: 0 | AO152: 4533.7198 | AP152: 26.549486 | AQ152: 0 | AR152: 0 | AS152: 0 | AT152: 6360.9 | AU152: 0 | AV152: 0 | AW152: 0 | AX152: 0 | AY152: 0 | AZ152: 0 | BA152: 0 | BB152: 0 | BC152: 2048.9009 | BD152: 0 | BE152: 2890.952 | BF152: 4001.5628 | BG152: 1251.8054 | BH152: 774.50847 | BI152: 458.55628 | BJ152: 1960.4981 | BK152: 0 | BL152: 0 | BM152: 1651.7814 | BN152: 3.0307165 | BO152: 13002.228 | BP152: 0 | BQ152: 0 | BR152: 0 | BS152: 29330 | BT152: 0 | BU152: 0 | BV152: 0 | BW152: 0 | BX152: 0 | BY152: 0 | BZ152: 0 | CA152: 0 | CB152: 29330
B153: 151 | C153: ASHP | D153: Improved | E153: 1AABBA | F153: 4/29/2025 9:17:13 | G153: 1167990 | H153: 14789094 | I153: 315037.84 | J153: 174922.89 | K153: 55527.85 | L153: 186240.67 | M153: 0 | N153: -4757.098 | O153: -1111.448 | P153: 0 | Q153: -1368.584 | R153: -2743.786 | S153: -10273.39 | T153: 1361.822 | U153: 918.716 | V153: 2004.662 | W153: 3602.113 | X153: 0 | Y153: -12366.99 | Z153: -31697.168 | AA153: 18591 | AB153: 6 | AC153: 2066121 | AD153: 75712 | AE153: 5731.5627 | AF153: 0 | AG153: 10979.398 | AH153: 10568.054 | AI153: 3802.8666 | AJ153: 84.791802 | AK153: 3430.1465 | AL153: 6045.4773 | AM153: 0 | AN153: 0 | AO153: 4533.7198 | AP153: 26.549486 | AQ153: 0 | AR153: 0 | AS153: 0 | AT153: 8613.4 | AU153: 0 | AV153: 0 | AW153: 0 | AX153: 0 | AY153: 0 | AZ153: 0 | BA153: 0 | BB153: 0 | BC153: 1574.1159 | BD153: 0 | BE153: 2890.952 | BF153: 4001.4263 | BG153: 1442.8361 | BH153: 873.55624 | BI153: 471.03068 | BJ153: 1755.3207 | BK153: 0 | BL153: 0 | BM153: 1651.7814 | BN153: 3.0307165 | BO153: 12337.798 | BP153: 0 | BQ153: 0 | BR153: 0 | BS153: 33240 | BT153: 0 | BU153: 0 | BV153: 0 | BW153: 0 | BX153: 0 | BY153: 0 | BZ153: 0 | CA153: 0 | CB153: 33240
B154: 152 | C154: ASHP | D154: Improved | E154: 1AABBB | F154: 4/29/2025 9:17:15 | G154: 1167990 | H154: 14789094 | I154: 315037.84 | J154: 174922.89 | K154: 55527.85 | L154: 186240.67 | M154: 0 | N154: -4757.098 | O154: -1111.448 | P154: 0 | Q154: -1368.584 | R154: -2743.786 | S154: -10273.39 | T154: 1361.822 | U154: 918.716 | V154: 2004.662 | W154: 3602.113 | X154: 0 | Y154: -12366.99 | Z154: -20648.053 | AA154: 15060 | AB154: 0 | AC154: 1937223 | AD154: 56503 | AE154: 5731.5627 | AF154: 0 | AG154: 10979.398 | AH154: 6593.4636 | AI154: 3856.143 | AJ154: 54.242316 | AK154: 3613.3546 | AL154: 6994.1359 | AM154: 0 | AN154: 0 | AO154: 4533.7198 | AP154: 26.549486 | AQ154: 0 | AR154: 0 | AS154: 0 | AT154: 6428.1 | AU154: 0 | AV154: 0 | AW154: 0 | AX154: 0 | AY154: 0 | AZ154: 0 | BA154: 0 | BB154: 0 | BC154: 1574.1159 | BD154: 0 | BE154: 2890.952 | BF154: 4001.5389 | BG154: 1182.0955 | BH154: 774.78151 | BI154: 456.49143 | BJ154: 1893.3309 | BK154: 0 | BL154: 0 | BM154: 1651.7814 | BN154: 3.0307165 | BO154: 12499.422 | BP154: 0 | BQ154: 0 | BR154: 0 | BS154: 29390 | BT154: 0 | BU154: 0 | BV154: 0 | BW154: 0 | BX154: 0 | BY154: 0 | BZ154: 0 | CA154: 0 | CB154: 29390
B155: 153 | C155: ASHP | D155: Improved | E155: 1ABAAA | F155: 4/29/2025 9:17:17 | G155: 1167990 | H155: 14789094 | I155: 315037.84 | J155: 174922.89 | K155: 55527.85 | L155: 186240.67 | M155: 0 | N155: -4309.447 | O155: -1108.517 | P155: 0 | Q155: -1368.584 | R155: -2898.095 | S155: -6715.244 | T155: 1107.69 | U155: 681.33 | V155: 1973.182 | W155: 2791.834 | X155: 0 | Y155: -9845.851 | Z155: -28799.863 | AA155: 15962 | AB155: 20 | AC155: 2103856 | AD155: 72100 | AE155: 7386.8492 | AF155: 0 | AG155: 10979.398 | AH155: 9553.4122 | AI155: 3894.2147 | AJ155: 97.778149 | AK155: 3437.7881 | AL155: 6118.4637 | AM155: 0 | AN155: 0 | AO155: 4533.7198 | AP155: 26.549486 | AQ155: 0 | AR155: 0 | AS155: 0 | AT155: 8202.5 | AU155: 0 | AV155: 0 | AW155: 0 | AX155: 0 | AY155: 0 | AZ155: 0 | BA155: 0 | BB155: 0 | BC155: 2048.9009 | BD155: 0 | BE155: 2890.952 | BF155: 4001.5423 | BG155: 1448.5084 | BH155: 869.93167 | BI155: 477.5358 | BJ155: 1900.2456 | BK155: 0 | BL155: 0 | BM155: 1651.7814 | BN155: 3.0307165 | BO155: 12844.443 | BP155: 0 | BQ155: 0 | BR155: 0 | BS155: 32290 | BT155: 0 | BU155: 0 | BV155: 0 | BW155: 0 | BX155: 0 | BY155: 0 | BZ155: 0 | CA155: 0 | CB155: 32290
B156: 154 | C156: ASHP | D156: Improved | E156: 1ABAAB | F156: 4/29/2025 9:17:19 | G156: 1167990 | H156: 14789094 | I156: 315037.84 | J156: 174922.89 | K156: 55527.85 | L156: 186240.67 | M156: 0 | N156: -4309.447 | O156: -1108.517 | P156: 0 | Q156: -1368.584 | R156: -2898.095 | S156: -6715.244 | T156: 1107.69 | U156: 681.33 | V156: 1973.182 | W156: 2791.834 | X156: 0 | Y156: -9845.851 | Z156: -17410.645 | AA156: 14713 | AB156: 0 | AC156: 1966076 | AD156: 53062 | AE156: 7386.8492 | AF156: 0 | AG156: 10979.398 | AH156: 5385.59 | AI156: 3946.5594 | AJ156: 66.535831 | AK156: 3621.4195 | AL156: 7067.2042 | AM156: 0 | AN156: 0 | AO156: 4533.7198 | AP156: 26.549486 | AQ156: 0 | AR156: 0 | AS156: 0 | AT156: 6036.7 | AU156: 0 | AV156: 0 | AW156: 0 | AX156: 0 | AY156: 0 | AZ156: 0 | BA156: 0 | BB156: 0 | BC156: 2048.9009 | BD156: 0 | BE156: 2890.952 | BF156: 4001.6072 | BG156: 1269.7746 | BH156: 808.10573 | BI156: 460.13307 | BJ156: 1991.5664 | BK156: 0 | BL156: 0 | BM156: 1651.7814 | BN156: 3.0307165 | BO156: 12895.286 | BP156: 0 | BQ156: 0 | BR156: 0 | BS156: 28450 | BT156: 0 | BU156: 0 | BV156: 0 | BW156: 0 | BX156: 0 | BY156: 0 | BZ156: 0 | CA156: 0 | CB156: 28450
B157: 155 | C157: ASHP | D157: Improved | E157: 1ABABA | F157: 4/29/2025 9:17:21 | G157: 1167990 | H157: 14789094 | I157: 315037.84 | J157: 174922.89 | K157: 55527.85 | L157: 186240.67 | M157: 0 | N157: -4495.643 | O157: -1111.085 | P157: 0 | Q157: -1368.584 | R157: -3031.79 | S157: -7048.75 | T157: 1175.832 | U157: 774.124 | V157: 1735.96 | W157: 3092.879 | X157: 0 | Y157: -10277.06 | Z157: -29716.76 | AA157: 16445 | AB157: 5 | AC157: 2036084 | AD157: 72887 | AE157: 5731.5627 | AF157: 0 | AG157: 10979.398 | AH157: 9877.948 | AI157: 3817.1089 | AJ157: 88.372006 | AK157: 3429.5594 | AL157: 6061.2111 | AM157: 0 | AN157: 0 | AO157: 4533.7198 | AP157: 26.549486 | AQ157: 0 | AR157: 0 | AS157: 0 | AT157: 8292 | AU157: 0 | AV157: 0 | AW157: 0 | AX157: 0 | AY157: 0 | AZ157: 0 | BA157: 0 | BB157: 0 | BC157: 1574.1159 | BD157: 0 | BE157: 2890.952 | BF157: 4001.5048 | BG157: 1445.1569 | BH157: 871.63474 | BI157: 477.89075 | BJ157: 1784.8838 | BK157: 0 | BL157: 0 | BM157: 1651.7814 | BN157: 3.0307165 | BO157: 12341.125 | BP157: 0 | BQ157: 0 | BR157: 0 | BS157: 32290 | BT157: 0 | BU157: 0 | BV157: 0 | BW157: 0 | BX157: 0 | BY157: 0 | BZ157: 0 | CA157: 0 | CB157: 32290
B158: 156 | C158: ASHP | D158: Improved | E158: 1ABABB | F158: 4/29/2025 9:17:23 | G158: 1167990 | H158: 14789094 | I158: 315037.84 | J158: 174922.89 | K158: 55527.85 | L158: 186240.67 | M158: 0 | N158: -4495.643 | O158: -1111.085 | P158: 0 | Q158: -1368.584 | R158: -3031.79 | S158: -7048.75 | T158: 1175.832 | U158: 774.124 | V158: 1735.96 | W158: 3092.879 | X158: 0 | Y158: -10277.06 | Z158: -18371.85 | AA158: 14813 | AB158: 0 | AC158: 1900137 | AD158: 53879 | AE158: 5731.5627 | AF158: 0 | AG158: 10979.398 | AH158: 5745.4534 | AI158: 3872.0645 | AJ158: 57.45392 | AK158: 3613.0611 | AL158: 7011.9209 | AM158: 0 | AN158: 0 | AO158: 4533.7198 | AP158: 26.549486 | AQ158: 0 | AR158: 0 | AS158: 0 | AT158: 6129.6 | AU158: 0 | AV158: 0 | AW158: 0 | AX158: 0 | AY158: 0 | AZ158: 0 | BA158: 0 | BB158: 0 | BC158: 1574.1159 | BD158: 0 | BE158: 2890.952 | BF158: 4001.5662 | BG158: 1198.389 | BH158: 762.21495 | BI158: 455.81225 | BJ158: 1922.8019 | BK158: 0 | BL158: 0 | BM158: 1651.7814 | BN158: 3.0307165 | BO158: 12450.245 | BP158: 0 | BQ158: 0 | BR158: 0 | BS158: 28780 | BT158: 0 | BU158: 0 | BV158: 0 | BW158: 0 | BX158: 0 | BY158: 0 | BZ158: 0 | CA158: 0 | CB158: 28780
B159: 157 | C159: ASHP | D159: Improved | E159: 1ABBAA | F159: 4/29/2025 9:17:25 | G159: 1167990 | H159: 14789094 | I159: 315037.84 | J159: 174922.89 | K159: 55527.85 | L159: 186240.67 | M159: 0 | N159: -4243.205 | O159: -1104.798 | P159: 0 | Q159: -1368.584 | R159: -2400.513 | S159: -6592.154 | T159: 1079.972 | U159: 649.019 | V159: 1896.283 | W159: 2684.943 | X159: 0 | Y159: -9399.036 | Z159: -28086.422 | AA159: 15390 | AB159: 20 | AC159: 2092906 | AD159: 71098 | AE159: 7386.8492 | AF159: 0 | AG159: 10979.398 | AH159: 9305.9207 | AI159: 3894.8051 | AJ159: 98.911255 | AK159: 3437.0577 | AL159: 6125.3783 | AM159: 0 | AN159: 0 | AO159: 4533.7198 | AP159: 26.549486 | AQ159: 0 | AR159: 0 | AS159: 0 | AT159: 8088.5 | AU159: 0 | AV159: 0 | AW159: 0 | AX159: 0 | AY159: 0 | AZ159: 0 | BA159: 0 | BB159: 0 | BC159: 2048.9009 | BD159: 0 | BE159: 2890.952 | BF159: 4001.5867 | BG159: 1444.29 | BH159: 870.0989 | BI159: 472.78153 | BJ159: 1901.9998 | BK159: 0 | BL159: 0 | BM159: 1651.7814 | BN159: 3.0307165 | BO159: 12877.501 | BP159: 0 | BQ159: 0 | BR159: 0 | BS159: 32290 | BT159: 0 | BU159: 0 | BV159: 0 | BW159: 0 | BX159: 0 | BY159: 0 | BZ159: 0 | CA159: 0 | CB159: 32290
... B217: 215 | C217: ASHP | D217: Improved | E217: 1CCBBA | F217: 4/29/2025 9:19:17 | G217: 1167990 | H217: 14789094 | I217: 315037.84 | J217: 174922.89 | K217: 55527.85 | L217: 186240.67 | M217: 0 | N217: -1870.439 | O217: -1101.627 | P217: 0 | Q217: -1368.584 | R217: -2119.507 | S217: -4764.581 | T217: 853.58 | U217: 490.148 | V217: 1209.543 | W217: 2099.54 | X217: 0 | Y217: -6571.928 | Z217: -24985.08 | AA217: 14235 | AB217: 5 | AC217: 1961070 | AD217: 66583 | AE217: 5731.5627 | AF217: 0 | AG217: 10979.398 | AH217: 8194.2724 | AI217: 3827.1294 | AJ217: 95.252552 | AK217: 3427.4844 | AL217: 6088.921 | AM217: 0 | AN217: 0 | AO217: 4533.7198 | AP217: 26.549486 | AQ217: 0 | AR217: 0 | AS217: 0 | AT217: 7574.9 | AU217: 0 | AV217: 0 | AW217: 0 | AX217: 0 | AY217: 0 | AZ217: 0 | BA217: 0 | BB217: 0 | BC217: 1574.1159 | BD217: 0 | BE217: 2890.952 | BF217: 4001.6038 | BG217: 1441.1705 | BH217: 871.93508 | BI217: 468.49484 | BJ217: 1811.0954 | BK217: 0 | BL217: 0 | BM217: 1651.7814 | BN217: 3.0307165 | BO217: 12342.589 | BP217: 0 | BQ217: 0 | BR217: 0 | BS217: 33590 | BT217: 0 | BU217: 0 | BV217: 0 | BW217: 0 | BX217: 0 | BY217: 0 | BZ217: 0 | CA217: 0 | CB217: 33590
A218: x | B218: 216 | C218: ASHP | D218: Improved | E218: 1CCBBB | F218: 4/29/2025 9:19:18 | G218: 1167990 | H218: 14789094 | I218: 315037.84 | J218: 174922.89 | K218: 55527.85 | L218: 186240.67 | M218: 0 | N218: -1870.439 | O218: -1101.627 | P218: 0 | Q218: -1368.584 | R218: -2119.507 | S218: -4764.581 | T218: 853.58 | U218: 490.148 | V218: 1209.543 | W218: 2099.54 | X218: 0 | Y218: -6571.928 | Z218: -13293.653 | AA218: 14186 | AB218: 0 | AC218: 1817280 | AD218: 47794 | AE218: 5731.5627 | AF218: 0 | AG218: 10979.398 | AH218: 3873.556 | AI218: 3897.1225 | AJ218: 63.296923 | AK218: 3611.5492 | AL218: 7041.6991 | AM218: 0 | AN218: 0 | AO218: 4533.7198 | AP218: 26.549486 | AQ218: 0 | AR218: 0 | AS218: 0 | AT218: 5437.3 | AU218: 0 | AV218: 0 | AW218: 0 | AX218: 0 | AY218: 0 | AZ218: 0 | BA218: 0 | BB218: 0 | BC218: 1574.1159 | BD218: 0 | BE218: 2890.952 | BF218: 4001.5219 | BG218: 1192.8224 | BH218: 770.47434 | BI218: 455.20815 | BJ218: 1947.935 | BK218: 0 | BL218: 0 | BM218: 1651.7814 | BN218: 3.0307165 | BO218: 12335.576 | BP218: 0 | BQ218: 0 | BR218: 0 | BS218: 26020 | BT218: 0 | BU218: 0 | BV218: 0 | BW218: 0 | BX218: 0 | BY218: 0 | BZ218: 0 | CA218: 0 | CB218: 26020
A650: x

Sheet Processed
A17: Column1 | B17: File Name | C17: Run ID | D17: Spandrels R (ft2·°F·h/BTU) | E17: Glass R (ft2·°F·h/BTU) | F17: Air Leakage | G17: LPD | H17: ERV | I17: Controls | J17: HVAC System | K17: Solar PV | L17: Electricity kWh | M17: Natural Gas kWh | N17: Total Energy kWh | O17: TEUI kWh/m² | P17: TEDI kWh/m² | Q17: GHGI kgCO2/m² | R17: En Saving % | S17: GHG Saving%
A18: x | B18: 1AAAAA | C18: 1 | D18: =VLOOKUP(MID($B18,2,1),Table2[],2,FALSE) -> 5 | E18: =VLOOKUP(MID($B18,3,1),Table2[],3,FALSE) -> 2.8 | F18: =VLOOKUP(MID($B18,4,1),Table2[],4,FALSE) -> Current | G18: =VLOOKUP(MID($B18,5,1),Table2[],5,FALSE) -> Current | H18: =VLOOKUP(MID($B18,6,1),Table2[],6,FALSE) -> None | I18: Current | J18: Current | K18: No | L18: =SUM(Raw!AE3:AP3)*293 -> 11827263 | M18: =SUM(Raw!AQ3:BB3)*293 -> 11604177 | N18: =M18+L18 -> 23431440 | O18: =N18/Processed!$V$20 -> 215.93843 | P18: =Raw!Z3*-293/Processed!$V$20 -> 100.94388 | Q18: =((L18*Processed!$V$21)+(Table3[[#This Row],[Natural Gas kWh]]*Processed!$V$22))/Processed!$V$20 -> 38.848358 | R18: =1-(O18/Processed!$V$23) -> 0 | S18: =1-(Processed!Q18/Processed!$V$24) -> 0
B19: 1AAAAB | C19: 2 | D19: =VLOOKUP(MID($B19,2,1),Table2[],2,FALSE) -> 5 | E19: =VLOOKUP(MID($B19,3,1),Table2[],3,FALSE) -> 2.8 | F19: =VLOOKUP(MID($B19,4,1),Table2[],4,FALSE) -> Current | G19: =VLOOKUP(MID($B19,5,1),Table2[],5,FALSE) -> Current | H19: =VLOOKUP(MID($B19,6,1),Table2[],6,FALSE) -> 0.75 | I19: Current | J19: Current | K19: No | L19: =SUM(Raw!AE4:AP4)*293 -> 12188438 | M19: =SUM(Raw!AQ4:BB4)*293 -> 7677596.2 | N19: =M19+L19 -> 19866034 | O19: =N19/Processed!$V$20 -> 183.08052 | P19: =Raw!Z4*-293/Processed!$V$20 -> 65.586922 | Q19: =((L19*Processed!$V$21)+(Table3[[#This Row],[Natural Gas kWh]]*Processed!$V$22))/Processed!$V$20 -> 32.538785 | R19: =1-(O19/Processed!$V$23) -> 0.15216333 | S19: =1-(Processed!Q19/Processed!$V$24) -> 0.16241543 | V19: m²
B20: 1AAABA | C20: 3 | D20: =VLOOKUP(MID($B20,2,1),Table2[],2,FALSE) -> 5 | E20: =VLOOKUP(MID($B20,3,1),Table2[],3,FALSE) -> 2.8 | F20: =VLOOKUP(MID($B20,4,1),Table2[],4,FALSE) -> Current | G20: =VLOOKUP(MID($B20,5,1),Table2[],5,FALSE) -> 0.25 | H20: =VLOOKUP(MID($B20,6,1),Table2[],6,FALSE) -> None | I20: Current | J20: Current | K20: No | L20: =SUM(Raw!AE5:AP5)*293 -> 11303698 | M20: =SUM(Raw!AQ5:BB5)*293 -> 11891141 | N20: =M20+L20 -> 23194839 | O20: =N20/Processed!$V$20 -> 213.75797 | P20: =Raw!Z5*-293/Processed!$V$20 -> 103.68771 | Q20: =((L20*Processed!$V$21)+(Table3[[#This Row],[Natural Gas kWh]]*Processed!$V$22))/Processed!$V$20 -> 38.530572 | R20: =1-(O20/Processed!$V$23) -> 0.010097576 | S20: =1-(Processed!Q20/Processed!$V$24) -> 0.008180152 | U20: Area | V20: 108509.82
B21: 1AAABB | C21: 4 | D21: =VLOOKUP(MID($B21,2,1),Table2[],2,FALSE) -> 5 | E21: =VLOOKUP(MID($B21,3,1),Table2[],3,FALSE) -> 2.8 | F21: =VLOOKUP(MID($B21,4,1),Table2[],4,FALSE) -> Current | G21: =VLOOKUP(MID($B21,5,1),Table2[],5,FALSE) -> 0.25 | H21: =VLOOKUP(MID($B21,6,1),Table2[],6,FALSE) -> 0.75 | I21: Current | J21: Current | K21: No | L21: =SUM(Raw!AE6:AP6)*293 -> 11666316 | M21: =SUM(Raw!AQ6:BB6)*293 -> 7972383.5 | N21: =M21+L21 -> 19638700 | O21: =N21/Processed!$V$20 -> 180.98546 | P21: =Raw!Z6*-293/Processed!$V$20 -> 68.326646 | Q21: =((L21*Processed!$V$21)+(Table3[[#This Row],[Natural Gas kWh]]*Processed!$V$22))/Processed!$V$20 -> 32.236958 | R21: =1-(O21/Processed!$V$23) -> 0.16186545 | S21: =1-(Processed!Q21/Processed!$V$24) -> 0.17018479 | U21: GHGI - Electricity | V21: 0.17 | W21: 2030
B22: 1AABAA | C22: 5 | D22: =VLOOKUP(MID($B22,2,1),Table2[],2,FALSE) -> 5 | E22: =VLOOKUP(MID($B22,3,1),Table2[],3,FALSE) -> 2.8 | F22: =VLOOKUP(MID($B22,4,1),Table2[],4,FALSE) -> Improved | G22: =VLOOKUP(MID($B22,5,1),Table2[],5,FALSE) -> Current | H22: =VLOOKUP(MID($B22,6,1),Table2[],6,FALSE) -> None | I22: Current | J22: Current | K22: No | L22: =SUM(Raw!AE7:AP7)*293 -> 11828447 | M22: =SUM(Raw!AQ7:BB7)*293 -> 11403970 | N22: =M22+L22 -> 23232417 | O22: =N22/Processed!$V$20 -> 214.10428 | P22: =Raw!Z7*-293/Processed!$V$20 -> 98.976327 | Q22: =((L22*Processed!$V$21)+(Table3[[#This Row],[Natural Gas kWh]]*Processed!$V$22))/Processed!$V$20 -> 38.499652 | R22: =1-(O22/Processed!$V$23) -> 0.0084938399 | S22: =1-(Processed!Q22/Processed!$V$24) -> 0.0089760821 | U22: GHGI - Natural Gas | V22: 0.19 | W22: 2030
B23: 1AABAB | C23: 6 | D23: =VLOOKUP(MID($B23,2,1),Table2[],2,FALSE) -> 5 | E23: =VLOOKUP(MID($B23,3,1),Table2[],3,FALSE) -> 2.8 | F23: =VLOOKUP(MID($B23,4,1),Table2[],4,FALSE) -> Improved | G23: =VLOOKUP(MID($B23,5,1),Table2[],5,FALSE) -> Current | H23: =VLOOKUP(MID($B23,6,1),Table2[],6,FALSE) -> 0.75 | I23: Current | J23: Current | K23: No | L23: =SUM(Raw!AE8:AP8)*293 -> 12189693 | M23: =SUM(Raw!AQ8:BB8)*293 -> 7470796.8 | N23: =M23+L23 -> 19660490 | O23: =N23/Processed!$V$20 -> 181.18627 | P23: =Raw!Z8*-293/Processed!$V$20 -> 63.620185 | Q23: =((L23*Processed!$V$21)+(Table3[[#This Row],[Natural Gas kWh]]*Processed!$V$22))/Processed!$V$20 -> 32.178647 | R23: =1-(O23/Processed!$V$23) -> 0.16093549 | S23: =1-(Processed!Q23/Processed!$V$24) -> 0.17168579 | U23: Calibrated TEUI | V23: 215.93843 | W23: kWh/m²
B24: 1AABBA | C24: 7 | D24: =VLOOKUP(MID($B24,2,1),Table2[],2,FALSE) -> 5 | E24: =VLOOKUP(MID($B24,3,1),Table2[],3,FALSE) -> 2.8 | F24: =VLOOKUP(MID($B24,4,1),Table2[],4,FALSE) -> Improved | G24: =VLOOKUP(MID($B24,5,1),Table2[],5,FALSE) -> 0.25 | H24: =VLOOKUP(MID($B24,6,1),Table2[],6,FALSE) -> None | I24: Current | J24: Current | K24: No | L24: =SUM(Raw!AE9:AP9)*293 -> 11303910 | M24: =SUM(Raw!AQ9:BB9)*293 -> 11684225 | N24: =M24+L24 -> 22988135 | O24: =N24/Processed!$V$20 -> 211.85303 | P24: =Raw!Z9*-293/Processed!$V$20 -> 101.69298 | Q24: =((L24*Processed!$V$21)+(Table3[[#This Row],[Natural Gas kWh]]*Processed!$V$22))/Processed!$V$20 -> 38.168595 | R24: =1-(O24/Processed!$V$23) -> 0.018919254 | S24: =1-(Processed!Q24/Processed!$V$24) -> 0.017497856 | U24: Calibrated GHGI | V24: 38.848358 | W24: kgCO2/m²
B25: 1AABBB | C25: 8 | D25: =VLOOKUP(MID($B25,2,1),Table2[],2,FALSE) -> 5 | E25: =VLOOKUP(MID($B25,3,1),Table2[],3,FALSE) -> 2.8 | F25: =VLOOKUP(MID($B25,4,1),Table2[],4,FALSE) -> Improved | G25: =VLOOKUP(MID($B25,5,1),Table2[],5,FALSE) -> 0.25 | H25: =VLOOKUP(MID($B25,6,1),Table2[],6,FALSE) -> 0.75 | I25: Current | J25: Current | K25: No | L25: =SUM(Raw!AE10:AP10)*293 -> 11666718 | M25: =SUM(Raw!AQ10:BB10)*293 -> 7766375.2 | N25: =M25+L25 -> 19433093 | O25: =N25/Processed!$V$20 -> 179.09064 | P25: =Raw!Z10*-293/Processed!$V$20 -> 66.332676 | Q25: =((L25*Processed!$V$21)+(Table3[[#This Row],[Natural Gas kWh]]*Processed!$V$22))/Processed!$V$20 -> 31.876869 | R25: =1-(O25/Processed!$V$23) -> 0.17064025 | S25: =1-(Processed!Q25/Processed!$V$24) -> 0.17945389
B26: 1ABAAA | C26: 9 | D26: =VLOOKUP(MID($B26,2,1),Table2[],2,FALSE) -> 5 | E26: =VLOOKUP(MID($B26,3,1),Table2[],3,FALSE) -> 4 | F26: =VLOOKUP(MID($B26,4,1),Table2[],4,FALSE) -> Current | G26: =VLOOKUP(MID($B26,5,1),Table2[],5,FALSE) -> Current | H26: =VLOOKUP(MID($B26,6,1),Table2[],6,FALSE) -> None | I26: Current | J26: Current | K26: No | L26: =SUM(Raw!AE11:AP11)*293 -> 11840697 | M26: =SUM(Raw!AQ11:BB11)*293 -> 10787908 | N26: =M26+L26 -> 22628605 | O26: =N26/Processed!$V$20 -> 208.5397 | P26: =Raw!Z11*-293/Processed!$V$20 -> 92.911346 | Q26: =((L26*Processed!$V$21)+(Table3[[#This Row],[Natural Gas kWh]]*Processed!$V$22))/Processed!$V$20 -> 37.440123 | R26: =1-(O26/Processed!$V$23) -> 0.034263139 | S26: =1-(Processed!Q26/Processed!$V$24) -> 0.036249524
B27: 1ABAAB | C27: 10 | D27: =VLOOKUP(MID($B27,2,1),Table2[],2,FALSE) -> 5 | E27: =VLOOKUP(MID($B27,3,1),Table2[],3,FALSE) -> 4 | F27: =VLOOKUP(MID($B27,4,1),Table2[],4,FALSE) -> Current | G27: =VLOOKUP(MID($B27,5,1),Table2[],5,FALSE) -> Current | H27: =VLOOKUP(MID($B27,6,1),Table2[],6,FALSE) -> 0.75 | I27: Current | J27: Current | K27: No | L27: =SUM(Raw!AE12:AP12)*293 -> 12201177 | M27: =SUM(Raw!AQ12:BB12)*293 -> 6831881 | N27: =M27+L27 -> 19033058 | O27: =N27/Processed!$V$20 -> 175.40401 | P27: =Raw!Z12*-293/Processed!$V$20 -> 57.560607 | Q27: =((L27*Processed!$V$21)+(Table3[[#This Row],[Natural Gas kWh]]*Processed!$V$22))/Processed!$V$20 -> 31.077901 | R27: =1-(O27/Processed!$V$23) -> 0.18771284 | S27: =1-(Processed!Q27/Processed!$V$24) -> 0.20002021
B28: 1ABABA | C28: 11 | D28: =VLOOKUP(MID($B28,2,1),Table2[],2,FALSE) -> 5 | E28: =VLOOKUP(MID($B28,3,1),Table2[],3,FALSE) -> 4 | F28: =VLOOKUP(MID($B28,4,1),Table2[],4,FALSE) -> Current | G28: =VLOOKUP(MID($B28,5,1),Table2[],5,FALSE) -> 0.25 | H28: =VLOOKUP(MID($B28,6,1),Table2[],6,FALSE) -> None | I28: Current | J28: Current | K28: No | L28: =SUM(Raw!AE13:AP13)*293 -> 11313475 | M28: =SUM(Raw!AQ13:BB13)*293 -> 11053923 | N28: =M28+L28 -> 22367398 | O28: =N28/Processed!$V$20 -> 206.13248 | P28: =Raw!Z13*-293/Processed!$V$20 -> 95.517666 | Q28: =((L28*Processed!$V$21)+(Table3[[#This Row],[Natural Gas kWh]]*Processed!$V$22))/Processed!$V$20 -> 37.079926 | R28: =1-(O28/Processed!$V$23) -> 0.045410865 | S28: =1-(Processed!Q28/Processed!$V$24) -> 0.045521403
B29: 1ABABB | C29: 12 | D29: =VLOOKUP(MID($B29,2,1),Table2[],2,FALSE) -> 5 | E29: =VLOOKUP(MID($B29,3,1),Table2[],3,FALSE) -> 4 | F29: =VLOOKUP(MID($B29,4,1),Table2[],4,FALSE) -> Current | G29: =VLOOKUP(MID($B29,5,1),Table2[],5,FALSE) -> 0.25 | H29: =VLOOKUP(MID($B29,6,1),Table2[],6,FALSE) -> 0.75 | I29: Current | J29: Current | K29: No | L29: =SUM(Raw!AE14:AP14)*293 -> 11676213 | M29: =SUM(Raw!AQ14:BB14)*293 -> 7115885.9 | N29: =M29+L29 -> 18792099 | O29: =N29/Processed!$V$20 -> 173.18339 | P29: =Raw!Z14*-293/Processed!$V$20 -> 60.161418 | Q29: =((L29*Processed!$V$21)+(Table3[[#This Row],[Natural Gas kWh]]*Processed!$V$22))/Processed!$V$20 -> 30.752742 | R29: =1-(O29/Processed!$V$23) -> 0.19799642 | S29: =1-(Processed!Q29/Processed!$V$24) -> 0.20839017
B30: 1ABBAA | C30: 13 | D30: =VLOOKUP(MID($B30,2,1),Table2[],2,FALSE) -> 5 | E30: =VLOOKUP(MID($B30,3,1),Table2[],3,FALSE) -> 4 | F30: =VLOOKUP(MID($B30,4,1),Table2[],4,FALSE) -> Improved | G30: =VLOOKUP(MID($B30,5,1),Table2[],5,FALSE) -> Current | H30: =VLOOKUP(MID($B30,6,1),Table2[],6,FALSE) -> None | I30: Current | J30: Current | K30: No | L30: =SUM(Raw!AE15:AP15)*293 -> 11843899 | M30: =SUM(Raw!AQ15:BB15)*293 -> 10587907 | N30: =M30+L30 -> 22431806 | O30: =N30/Processed!$V$20 -> 206.72604 | P30: =Raw!Z15*-293/Processed!$V$20 -> 90.940715 | Q30: =((L30*Processed!$V$21)+(Table3[[#This Row],[Natural Gas kWh]]*Processed!$V$22))/Processed!$V$20 -> 37.094938 | R30: =1-(O30/Processed!$V$23) -> 0.042662103 | S30: =1-(Processed!Q30/Processed!$V$24) -> 0.04513498
B31: 1ABBAB | C31: 14 | D31: =VLOOKUP(MID($B31,2,1),Table2[],2,FALSE) -> 5 | E31: =VLOOKUP(MID($B31,3,1),Table2[],3,FALSE) -> 4 | F31: =VLOOKUP(MID($B31,4,1),Table2[],4,FALSE) -> Improved | G31: =VLOOKUP(MID($B31,5,1),Table2[],5,FALSE) -> Current | H31: =VLOOKUP(MID($B31,6,1),Table2[],6,FALSE) -> 0.75 | I31: Current | J31: Current | K31: No | L31: =SUM(Raw!AE16:AP16)*293 -> 12204443 | M31: =SUM(Raw!AQ16:BB16)*293 -> 6622093 | N31: =M31+L31 -> 18826536 | O31: =N31/Processed!$V$20 -> 173.50075 | P31: =Raw!Z16*-293/Processed!$V$20 -> 55.59283 | Q31: =((L31*Processed!$V$21)+(Table3[[#This Row],[Natural Gas kWh]]*Processed!$V$22))/Processed!$V$20 -> 30.71568 | R31: =1-(O31/Processed!$V$23) -> 0.19652672 | S31: =1-(Processed!Q31/Processed!$V$24) -> 0.20934418
B32: 1ABBBA | C32: 15 | D32: =VLOOKUP(MID($B32,2,1),Table2[],2,FALSE) -> 5 | E32: =VLOOKUP(MID($B32,3,1),Table2[],3,FALSE) -> 4 | F32: =VLOOKUP(MID($B32,4,1),Table2[],4,FALSE) -> Improved | G32: =VLOOKUP(MID($B32,5,1),Table2[],5,FALSE) -> 0.25 | H32: =VLOOKUP(MID($B32,6,1),Table2[],6,FALSE) -> None | I32: Current | J32: Current | K32: No | L32: =SUM(Raw!AE17:AP17)*293 -> 11315829 | M32: =SUM(Raw!AQ17:BB17)*293 -> 10850552 | N32: =M32+L32 -> 22166381 | O32: =N32/Processed!$V$20 -> 204.27995 | P32: =Raw!Z17*-293/Processed!$V$20 -> 93.513092 | Q32: =((L32*Processed!$V$21)+(Table3[[#This Row],[Natural Gas kWh]]*Processed!$V$22))/Processed!$V$20 -> 36.727512 | R32: =1-(O32/Processed!$V$23) -> 0.053989821 | S32: =1-(Processed!Q32/Processed!$V$24) -> 0.054592929
B33: 1ABBBB | C33: 16 | D33: =VLOOKUP(MID($B33,2,1),Table2[],2,FALSE) -> 5 | E33: =VLOOKUP(MID($B33,3,1),Table2[],3,FALSE) -> 4 | F33: =VLOOKUP(MID($B33,4,1),Table2[],4,FALSE) -> Improved | G33: =VLOOKUP(MID($B33,5,1),Table2[],5,FALSE) -> 0.25 | H33: =VLOOKUP(MID($B33,6,1),Table2[],6,FALSE) -> 0.75 | I33: Current | J33: Current | K33: No | L33: =SUM(Raw!AE18:AP18)*293 -> 11678725 | M33: =SUM(Raw!AQ18:BB18)*293 -> 6907445.7 | N33: =M33+L33 -> 18586171 | O33: =N33/Processed!$V$20 -> 171.28561 | P33: =Raw!Z18*-293/Processed!$V$20 -> 58.158732 | Q33: =((L33*Processed!$V$21)+(Table3[[#This Row],[Natural Gas kWh]]*Processed!$V$22))/Processed!$V$20 -> 30.3917 | R33: =1-(O33/Processed!$V$23) -> 0.20678496 | S33: =1-(Processed!Q33/Processed!$V$24) -> 0.21768379
B34: 1ACAAA | C34: 17 | D34: =VLOOKUP(MID($B34,2,1),Table2[],2,FALSE) -> 5 | E34: =VLOOKUP(MID($B34,3,1),Table2[],3,FALSE) -> 5.5 | F34: =VLOOKUP(MID($B34,4,1),Table2[],4,FALSE) -> Current | G34: =VLOOKUP(MID($B34,5,1),Table2[],5,FALSE) -> Current | H34: =VLOOKUP(MID($B34,6,1),Table2[],6,FALSE) -> None | I34: Current | J34: Current | K34: No | L34: =SUM(Raw!AE19:AP19)*293 -> 11850580 | M34: =SUM(Raw!AQ19:BB19)*293 -> 10383832 | N34: =M34+L34 -> 22234412 | O34: =N34/Processed!$V$20 -> 204.90691 | P34: =Raw!Z19*-293/Processed!$V$20 -> 88.925816 | Q34: =((L34*Processed!$V$21)+(Table3[[#This Row],[Natural Gas kWh]]*Processed!$V$22))/Processed!$V$20 -> 36.748072 | R34: =1-(O34/Processed!$V$23) -> 0.051086403 | S34: =1-(Processed!Q34/Processed!$V$24) -> 0.054063701
B35: 1ACAAB | C35: 18 | D35: =VLOOKUP(MID($B35,2,1),Table2[],2,FALSE) -> 5 | E35: =VLOOKUP(MID($B35,3,1),Table2[],3,FALSE) -> 5.5 | F35: =VLOOKUP(MID($B35,4,1),Table2[],4,FALSE) -> Current | G35: =VLOOKUP(MID($B35,5,1),Table2[],5,FALSE) -> Current | H35: =VLOOKUP(MID($B35,6,1),Table2[],6,FALSE) -> 0.75 | I35: Current | J35: Current | K35: No | L35: =SUM(Raw!AE20:AP20)*293 -> 12210642 | M35: =SUM(Raw!AQ20:BB20)*293 -> 6406679.4 | N35: =M35+L35 -> 18617321 | O35: =N35/Processed!$V$20 -> 171.57268 | P35: =Raw!Z20*-293/Processed!$V$20 -> 53.580173 | Q35: =((L35*Processed!$V$21)+(Table3[[#This Row],[Natural Gas kWh]]*Processed!$V$22))/Processed!$V$20 -> 30.348204 | R35: =1-(O35/Processed!$V$23) -> 0.20545552 | S35: =1-(Processed!Q35/Processed!$V$24) -> 0.21880342
B36: 1ACABA | C36: 19 | D36: =VLOOKUP(MID($B36,2,1),Table2[],2,FALSE) -> 5 | E36: =VLOOKUP(MID($B36,3,1),Table2[],3,FALSE) -> 5.5 | F36: =VLOOKUP(MID($B36,4,1),Table2[],4,FALSE) -> Current | G36: =VLOOKUP(MID($B36,5,1),Table2[],5,FALSE) -> 0.25 | H36: =VLOOKUP(MID($B36,6,1),Table2[],6,FALSE) -> None | I36: Current | J36: Current | K36: No | L36: =SUM(Raw!AE21:AP21)*293 -> 11321347 | M36: =SUM(Raw!AQ21:BB21)*293 -> 10642932 | N36: =M36+L36 -> 21964279 | O36: =N36/Processed!$V$20 -> 202.41743 | P36: =Raw!Z21*-293/Processed!$V$20 -> 91.447637 | Q36: =((L36*Processed!$V$21)+(Table3[[#This Row],[Natural Gas kWh]]*Processed!$V$22))/Processed!$V$20 -> 36.372616 | R36: =1-(O36/Processed!$V$23) -> 0.062615061 | S36: =1-(Processed!Q36/Processed!$V$24) -> 0.063728347
... B89: 1CCBBB | C89: 72 | D89: =VLOOKUP(MID($B89,2,1),Table2[],2,FALSE) -> 15 | E89: =VLOOKUP(MID($B89,3,1),Table2[],3,FALSE) -> 5.5 | F89: =VLOOKUP(MID($B89,4,1),Table2[],4,FALSE) -> Improved | G89: =VLOOKUP(MID($B89,5,1),Table2[],5,FALSE) -> 0.25 | H89: =VLOOKUP(MID($B89,6,1),Table2[],6,FALSE) -> 0.75 | I89: Current | J89: Current | K89: No | L89: =SUM(Raw!AE74:AP74)*293 -> 11691584 | M89: =SUM(Raw!AQ74:BB74)*293 -> 5645582.6 | N89: =M89+L89 -> 17337167 | O89: =N89/Processed!$V$20 -> 159.77509 | P89: =Raw!Z74*-293/Processed!$V$20 -> 46.452571 | Q89: =((L89*Processed!$V$21)+(Table3[[#This Row],[Natural Gas kWh]]*Processed!$V$22))/Processed!$V$20 -> 28.202332 | R89: =1-(O89/Processed!$V$23) -> 0.26008958 | S89: =1-(Processed!Q89/Processed!$V$24) -> 0.27404057
A90: x | B90: 1AAAAA | C90: 72 | D90: =VLOOKUP(MID($B90,2,1),Table2[],2,FALSE) -> 5 | E90: =VLOOKUP(MID($B90,3,1),Table2[],3,FALSE) -> 2.8 | F90: =VLOOKUP(MID($B90,4,1),Table2[],4,FALSE) -> Current | G90: =VLOOKUP(MID($B90,5,1),Table2[],5,FALSE) -> Current | H90: =VLOOKUP(MID($B90,6,1),Table2[],6,FALSE) -> None | I90: Improved | J90: Current | K90: No | L90: =SUM(Raw!AE75:AP75)*293 -> 10660237 | M90: =SUM(Raw!AQ75:BB75)*293 -> 9782303.1 | N90: =M90+L90 -> 20442540 | O90: =N90/Processed!$V$20 -> 188.39346 | P90: =Raw!Z75*-293/Processed!$V$20 -> 86.980273 | Q90: =((L90*Processed!$V$21)+(Table3[[#This Row],[Natural Gas kWh]]*Processed!$V$22))/Processed!$V$20 -> 33.829914 | R90: =1-(O90/Processed!$V$23) -> 0.12755938 | S90: =1-(Processed!Q90/Processed!$V$24) -> 0.12918034
B91: 1AAAAB | C91: 72 | D91: =VLOOKUP(MID($B91,2,1),Table2[],2,FALSE) -> 5 | E91: =VLOOKUP(MID($B91,3,1),Table2[],3,FALSE) -> 2.8 | F91: =VLOOKUP(MID($B91,4,1),Table2[],4,FALSE) -> Current | G91: =VLOOKUP(MID($B91,5,1),Table2[],5,FALSE) -> Current | H91: =VLOOKUP(MID($B91,6,1),Table2[],6,FALSE) -> 0.75 | I91: Improved | J91: Current | K91: No | L91: =SUM(Raw!AE76:AP76)*293 -> 10995001 | M91: =SUM(Raw!AQ76:BB76)*293 -> 6274360.6 | N91: =M91+L91 -> 17269362 | O91: =N91/Processed!$V$20 -> 159.15022 | P91: =Raw!Z76*-293/Processed!$V$20 -> 54.991954 | Q91: =((L91*Processed!$V$21)+(Table3[[#This Row],[Natural Gas kWh]]*Processed!$V$22))/Processed!$V$20 -> 28.211996 | R91: =1-(O91/Processed!$V$23) -> 0.26298334 | S91: =1-(Processed!Q91/Processed!$V$24) -> 0.27379179
B92: 1AAABA | C92: 72 | D92: =VLOOKUP(MID($B92,2,1),Table2[],2,FALSE) -> 5 | E92: =VLOOKUP(MID($B92,3,1),Table2[],3,FALSE) -> 2.8 | F92: =VLOOKUP(MID($B92,4,1),Table2[],4,FALSE) -> Current | G92: =VLOOKUP(MID($B92,5,1),Table2[],5,FALSE) -> 0.25 | H92: =VLOOKUP(MID($B92,6,1),Table2[],6,FALSE) -> None | I92: Improved | J92: Current | K92: No | L92: =SUM(Raw!AE77:AP77)*293 -> 10134728 | M92: =SUM(Raw!AQ77:BB77)*293 -> 10069355 | N92: =M92+L92 -> 20204083 | O92: =N92/Processed!$V$20 -> 186.19589 | P92: =Raw!Z77*-293/Processed!$V$20 -> 89.724035 | Q92: =((L92*Processed!$V$21)+(Table3[[#This Row],[Natural Gas kWh]]*Processed!$V$22))/Processed!$V$20 -> 33.509236 | R92: =1-(O92/Processed!$V$23) -> 0.13773617 | S92: =1-(Processed!Q92/Processed!$V$24) -> 0.13743493
B93: 1AAABB | C93: 72 | D93: =VLOOKUP(MID($B93,2,1),Table2[],2,FALSE) -> 5 | E93: =VLOOKUP(MID($B93,3,1),Table2[],3,FALSE) -> 2.8 | F93: =VLOOKUP(MID($B93,4,1),Table2[],4,FALSE) -> Current | G93: =VLOOKUP(MID($B93,5,1),Table2[],5,FALSE) -> 0.25 | H93: =VLOOKUP(MID($B93,6,1),Table2[],6,FALSE) -> 0.75 | I93: Improved | J93: Current | K93: No | L93: =SUM(Raw!AE78:AP78)*293 -> 10469821 | M93: =SUM(Raw!AQ78:BB78)*293 -> 6568122.4 | N93: =M93+L93 -> 17037944 | O93: =N93/Processed!$V$20 -> 157.01752 | P93: =Raw!Z78*-293/Processed!$V$20 -> 57.731655 | Q93: =((L93*Processed!$V$21)+(Table3[[#This Row],[Natural Gas kWh]]*Processed!$V$22))/Processed!$V$20 -> 27.903583 | R93: =1-(O93/Processed!$V$23) -> 0.27285974 | S93: =1-(Processed!Q93/Processed!$V$24) -> 0.28173068
B94: 1AABAA | C94: 72 | D94: =VLOOKUP(MID($B94,2,1),Table2[],2,FALSE) -> 5 | E94: =VLOOKUP(MID($B94,3,1),Table2[],3,FALSE) -> 2.8 | F94: =VLOOKUP(MID($B94,4,1),Table2[],4,FALSE) -> Improved | G94: =VLOOKUP(MID($B94,5,1),Table2[],5,FALSE) -> Current | H94: =VLOOKUP(MID($B94,6,1),Table2[],6,FALSE) -> None | I94: Improved | J94: Current | K94: No | L94: =SUM(Raw!AE79:AP79)*293 -> 10660853 | M94: =SUM(Raw!AQ79:BB79)*293 -> 9582096.2 | N94: =M94+L94 -> 20242949 | O94: =N94/Processed!$V$20 -> 186.55407 | P94: =Raw!Z79*-293/Processed!$V$20 -> 85.012765 | Q94: =((L94*Processed!$V$21)+(Table3[[#This Row],[Natural Gas kWh]]*Processed!$V$22))/Processed!$V$20 -> 33.480318 | R94: =1-(O94/Processed!$V$23) -> 0.13607746 | S94: =1-(Processed!Q94/Processed!$V$24) -> 0.13817933
B95: 1AABAB | C95: 72 | D95: =VLOOKUP(MID($B95,2,1),Table2[],2,FALSE) -> 5 | E95: =VLOOKUP(MID($B95,3,1),Table2[],3,FALSE) -> 2.8 | F95: =VLOOKUP(MID($B95,4,1),Table2[],4,FALSE) -> Improved | G95: =VLOOKUP(MID($B95,5,1),Table2[],5,FALSE) -> Current | H95: =VLOOKUP(MID($B95,6,1),Table2[],6,FALSE) -> 0.75 | I95: Improved | J95: Current | K95: No | L95: =SUM(Raw!AE80:AP80)*293 -> 10996120 | M95: =SUM(Raw!AQ80:BB80)*293 -> 6066887.3 | N95: =M95+L95 -> 17063007 | O95: =N95/Processed!$V$20 -> 157.24851 | P95: =Raw!Z80*-293/Processed!$V$20 -> 53.025211 | Q95: =((L95*Processed!$V$21)+(Table3[[#This Row],[Natural Gas kWh]]*Processed!$V$22))/Processed!$V$20 -> 27.850465 | R95: =1-(O95/Processed!$V$23) -> 0.27179007 | S95: =1-(Processed!Q95/Processed!$V$24) -> 0.28309801
B96: 1AABBA | C96: 72 | D96: =VLOOKUP(MID($B96,2,1),Table2[],2,FALSE) -> 5 | E96: =VLOOKUP(MID($B96,3,1),Table2[],3,FALSE) -> 2.8 | F96: =VLOOKUP(MID($B96,4,1),Table2[],4,FALSE) -> Improved | G96: =VLOOKUP(MID($B96,5,1),Table2[],5,FALSE) -> 0.25 | H96: =VLOOKUP(MID($B96,6,1),Table2[],6,FALSE) -> None | I96: Improved | J96: Current | K96: No | L96: =SUM(Raw!AE81:AP81)*293 -> 10134184 | M96: =SUM(Raw!AQ81:BB81)*293 -> 9862907.4 | N96: =M96+L96 -> 19997092 | O96: =N96/Processed!$V$20 -> 184.28831 | P96: =Raw!Z81*-293/Processed!$V$20 -> 87.729423 | Q96: =((L96*Processed!$V$21)+(Table3[[#This Row],[Natural Gas kWh]]*Processed!$V$22))/Processed!$V$20 -> 33.146895 | R96: =1-(O96/Processed!$V$23) -> 0.1465701 | S96: =1-(Processed!Q96/Processed!$V$24) -> 0.14676199
B97: 1AABBB | C97: 72 | D97: =VLOOKUP(MID($B97,2,1),Table2[],2,FALSE) -> 5 | E97: =VLOOKUP(MID($B97,3,1),Table2[],3,FALSE) -> 2.8 | F97: =VLOOKUP(MID($B97,4,1),Table2[],4,FALSE) -> Improved | G97: =VLOOKUP(MID($B97,5,1),Table2[],5,FALSE) -> 0.25 | H97: =VLOOKUP(MID($B97,6,1),Table2[],6,FALSE) -> 0.75 | I97: Improved | J97: Current | K97: No | L97: =SUM(Raw!AE82:AP82)*293 -> 10470035 | M97: =SUM(Raw!AQ82:BB82)*293 -> 6362641.5 | N97: =M97+L97 -> 16832677 | O97: =N97/Processed!$V$20 -> 155.12583 | P97: =Raw!Z82*-293/Processed!$V$20 -> 55.737667 | Q97: =((L97*Processed!$V$21)+(Table3[[#This Row],[Natural Gas kWh]]*Processed!$V$22))/Processed!$V$20 -> 27.544123 | R97: =1-(O97/Processed!$V$23) -> 0.28162006 | S97: =1-(Processed!Q97/Processed!$V$24) -> 0.2909836
B98: 1ABAAA | C98: 72 | D98: =VLOOKUP(MID($B98,2,1),Table2[],2,FALSE) -> 5 | E98: =VLOOKUP(MID($B98,3,1),Table2[],3,FALSE) -> 4 | F98: =VLOOKUP(MID($B98,4,1),Table2[],4,FALSE) -> Current | G98: =VLOOKUP(MID($B98,5,1),Table2[],5,FALSE) -> Current | H98: =VLOOKUP(MID($B98,6,1),Table2[],6,FALSE) -> None | I98: Improved | J98: Current | K98: No | L98: =SUM(Raw!AE83:AP83)*293 -> 10672324 | M98: =SUM(Raw!AQ83:BB83)*293 -> 8965096.8 | N98: =M98+L98 -> 19637421 | O98: =N98/Processed!$V$20 -> 180.97367 | P98: =Raw!Z83*-293/Processed!$V$20 -> 78.947731 | Q98: =((L98*Processed!$V$21)+(Table3[[#This Row],[Natural Gas kWh]]*Processed!$V$22))/Processed!$V$20 -> 32.417927 | R98: =1-(O98/Processed!$V$23) -> 0.16192002 | S98: =1-(Processed!Q98/Processed!$V$24) -> 0.16552644
B99: 1ABAAB | C99: 72 | D99: =VLOOKUP(MID($B99,2,1),Table2[],2,FALSE) -> 5 | E99: =VLOOKUP(MID($B99,3,1),Table2[],3,FALSE) -> 4 | F99: =VLOOKUP(MID($B99,4,1),Table2[],4,FALSE) -> Current | G99: =VLOOKUP(MID($B99,5,1),Table2[],5,FALSE) -> Current | H99: =VLOOKUP(MID($B99,6,1),Table2[],6,FALSE) -> 0.75 | I99: Improved | J99: Current | K99: No | L99: =SUM(Raw!AE84:AP84)*293 -> 11008202 | M99: =SUM(Raw!AQ84:BB84)*293 -> 5428059.4 | N99: =M99+L99 -> 16436261 | O99: =N99/Processed!$V$20 -> 151.47257 | P99: =Raw!Z84*-293/Processed!$V$20 -> 46.965528 | Q99: =((L99*Processed!$V$21)+(Table3[[#This Row],[Natural Gas kWh]]*Processed!$V$22))/Processed!$V$20 -> 26.75081 | R99: =1-(O99/Processed!$V$23) -> 0.29853814 | S99: =1-(Processed!Q99/Processed!$V$24) -> 0.31140435
B100: 1ABABA | C100: 72 | D100: =VLOOKUP(MID($B100,2,1),Table2[],2,FALSE) -> 5 | E100: =VLOOKUP(MID($B100,3,1),Table2[],3,FALSE) -> 4 | F100: =VLOOKUP(MID($B100,4,1),Table2[],4,FALSE) -> Current | G100: =VLOOKUP(MID($B100,5,1),Table2[],5,FALSE) -> 0.25 | H100: =VLOOKUP(MID($B100,6,1),Table2[],6,FALSE) -> None | I100: Improved | J100: Current | K100: No | L100: =SUM(Raw!AE85:AP85)*293 -> 10143109 | M100: =SUM(Raw!AQ85:BB85)*293 -> 9231375.2 | N100: =M100+L100 -> 19374484 | O100: =N100/Processed!$V$20 -> 178.55051 | P100: =Raw!Z85*-293/Processed!$V$20 -> 81.554231 | Q100: =((L100*Processed!$V$21)+(Table3[[#This Row],[Natural Gas kWh]]*Processed!$V$22))/Processed!$V$20 -> 32.055069 | R100: =1-(O100/Processed!$V$23) -> 0.17314155 | S100: =1-(Processed!Q100/Processed!$V$24) -> 0.17486681
B101: 1ABABB | C101: 72 | D101: =VLOOKUP(MID($B101,2,1),Table2[],2,FALSE) -> 5 | E101: =VLOOKUP(MID($B101,3,1),Table2[],3,FALSE) -> 4 | F101: =VLOOKUP(MID($B101,4,1),Table2[],4,FALSE) -> Current | G101: =VLOOKUP(MID($B101,5,1),Table2[],5,FALSE) -> 0.25 | H101: =VLOOKUP(MID($B101,6,1),Table2[],6,FALSE) -> 0.75 | I101: Improved | J101: Current | K101: No | L101: =SUM(Raw!AE86:AP86)*293 -> 10479977 | M101: =SUM(Raw!AQ86:BB86)*293 -> 5712591.7 | N101: =M101+L101 -> 16192569 | O101: =N101/Processed!$V$20 -> 149.22676 | P101: =Raw!Z86*-293/Processed!$V$20 -> 49.56646 | Q101: =((L101*Processed!$V$21)+(Table3[[#This Row],[Natural Gas kWh]]*Processed!$V$22))/Processed!$V$20 -> 26.421466 | R101: =1-(O101/Processed!$V$23) -> 0.30893839 | S101: =1-(Processed!Q101/Processed!$V$24) -> 0.31988204
B102: 1ABBAA | C102: 72 | D102: =VLOOKUP(MID($B102,2,1),Table2[],2,FALSE) -> 5 | E102: =VLOOKUP(MID($B102,3,1),Table2[],3,FALSE) -> 4 | F102: =VLOOKUP(MID($B102,4,1),Table2[],4,FALSE) -> Improved | G102: =VLOOKUP(MID($B102,5,1),Table2[],5,FALSE) -> Current | H102: =VLOOKUP(MID($B102,6,1),Table2[],6,FALSE) -> None | I102: Improved | J102: Current | K102: No | L102: =SUM(Raw!AE87:AP87)*293 -> 10675007 | M102: =SUM(Raw!AQ87:BB87)*293 -> 8765475.9 | N102: =M102+L102 -> 19440483 | O102: =N102/Processed!$V$20 -> 179.15874 | P102: =Raw!Z87*-293/Processed!$V$20 -> 76.977078 | Q102: =((L102*Processed!$V$21)+(Table3[[#This Row],[Natural Gas kWh]]*Processed!$V$22))/Processed!$V$20 -> 32.072596 | R102: =1-(O102/Processed!$V$23) -> 0.17032487 | S102: =1-(Processed!Q102/Processed!$V$24) -> 0.17441566
... B161: 1CCBBB | C161: 72 | D161: =VLOOKUP(MID($B161,2,1),Table2[],2,FALSE) -> 15 | E161: =VLOOKUP(MID($B161,3,1),Table2[],3,FALSE) -> 5.5 | F161: =VLOOKUP(MID($B161,4,1),Table2[],4,FALSE) -> Improved | G161: =VLOOKUP(MID($B161,5,1),Table2[],5,FALSE) -> 0.25 | H161: =VLOOKUP(MID($B161,6,1),Table2[],6,FALSE) -> 0.75 | I161: Improved | J161: Current | K161: No | L161: =SUM(Raw!AE146:AP146)*293 -> 10494565 | M161: =SUM(Raw!AQ146:BB146)*293 -> 4241995.4 | N161: =M161+L161 -> 14736561 | O161: =N161/Processed!$V$20 -> 135.80854 | P161: =Raw!Z146*-293/Processed!$V$20 -> 35.857578 | Q161: =((L161*Processed!$V$21)+(Table3[[#This Row],[Natural Gas kWh]]*Processed!$V$22))/Processed!$V$20 -> 23.869316 | R161: =1-(O161/Processed!$V$23) -> 0.37107747 | S161: =1-(Processed!Q161/Processed!$V$24) -> 0.38557722
A162: x | B162: 1AAAAA | C162: 72 | D162: =VLOOKUP(MID($B162,2,1),Table2[],2,FALSE) -> 5 | E162: =VLOOKUP(MID($B162,3,1),Table2[],3,FALSE) -> 2.8 | F162: =VLOOKUP(MID($B162,4,1),Table2[],4,FALSE) -> Current | G162: =VLOOKUP(MID($B162,5,1),Table2[],5,FALSE) -> Current | H162: =VLOOKUP(MID($B162,6,1),Table2[],6,FALSE) -> None | I162: Improved | J162: ASHP | K162: No | L162: =SUM(Raw!AE147:AP147)*293 -> 13744397 | M162: =SUM(Raw!AQ147:BB147)*293 -> 2526392.5 | N162: =M162+L162 -> 16270789 | O162: =N162/Processed!$V$20 -> 149.94762 | P162: =Raw!Z147*-293/Processed!$V$20 -> 84.825046 | Q162: =((L162*Processed!$V$21)+(Table3[[#This Row],[Natural Gas kWh]]*Processed!$V$22))/Processed!$V$20 -> 25.956747 | R162: =1-(O162/Processed!$V$23) -> 0.30560011 | S162: =1-(Processed!Q162/Processed!$V$24) -> 0.33184441
B163: 1AAAAB | C163: 72 | D163: =VLOOKUP(MID($B163,2,1),Table2[],2,FALSE) -> 5 | E163: =VLOOKUP(MID($B163,3,1),Table2[],3,FALSE) -> 2.8 | F163: =VLOOKUP(MID($B163,4,1),Table2[],4,FALSE) -> Current | G163: =VLOOKUP(MID($B163,5,1),Table2[],5,FALSE) -> Current | H163: =VLOOKUP(MID($B163,6,1),Table2[],6,FALSE) -> 0.75 | I163: Improved | J163: ASHP | K163: No | L163: =SUM(Raw!AE148:AP148)*293 -> 12909241 | M163: =SUM(Raw!AQ148:BB148)*293 -> 1888326.4 | N163: =M163+L163 -> 14797567 | O163: =N163/Processed!$V$20 -> 136.37076 | P163: =Raw!Z148*-293/Processed!$V$20 -> 55.018464 | Q163: =((L163*Processed!$V$21)+(Table3[[#This Row],[Natural Gas kWh]]*Processed!$V$22))/Processed!$V$20 -> 23.531077 | R163: =1-(O163/Processed!$V$23) -> 0.36847384 | S163: =1-(Processed!Q163/Processed!$V$24) -> 0.39428387
B164: 1AAABA | C164: 72 | D164: =VLOOKUP(MID($B164,2,1),Table2[],2,FALSE) -> 5 | E164: =VLOOKUP(MID($B164,3,1),Table2[],3,FALSE) -> 2.8 | F164: =VLOOKUP(MID($B164,4,1),Table2[],4,FALSE) -> Current | G164: =VLOOKUP(MID($B164,5,1),Table2[],5,FALSE) -> 0.25 | H164: =VLOOKUP(MID($B164,6,1),Table2[],6,FALSE) -> None | I164: Improved | J164: ASHP | K164: No | L164: =SUM(Raw!AE149:AP149)*293 -> 13318037 | M164: =SUM(Raw!AQ149:BB149)*293 -> 2560790.7 | N164: =M164+L164 -> 15878828 | O164: =N164/Processed!$V$20 -> 146.33539 | P164: =Raw!Z149*-293/Processed!$V$20 -> 87.487254 | Q164: =((L164*Processed!$V$21)+(Table3[[#This Row],[Natural Gas kWh]]*Processed!$V$22))/Processed!$V$20 -> 25.34901 | R164: =1-(O164/Processed!$V$23) -> 0.32232814 | S164: =1-(Processed!Q164/Processed!$V$24) -> 0.34748826
B165: 1AAABB | C165: 72 | D165: =VLOOKUP(MID($B165,2,1),Table2[],2,FALSE) -> 5 | E165: =VLOOKUP(MID($B165,3,1),Table2[],3,FALSE) -> 2.8 | F165: =VLOOKUP(MID($B165,4,1),Table2[],4,FALSE) -> Current | G165: =VLOOKUP(MID($B165,5,1),Table2[],5,FALSE) -> 0.25 | H165: =VLOOKUP(MID($B165,6,1),Table2[],6,FALSE) -> 0.75 | I165: Improved | J165: ASHP | K165: No | L165: =SUM(Raw!AE150:AP150)*293 -> 12496480 | M165: =SUM(Raw!AQ150:BB150)*293 -> 1909158.7 | N165: =M165+L165 -> 14405639 | O165: =N165/Processed!$V$20 -> 132.75885 | P165: =Raw!Z150*-293/Processed!$V$20 -> 57.751958 | Q165: =((L165*Processed!$V$21)+(Table3[[#This Row],[Natural Gas kWh]]*Processed!$V$22))/Processed!$V$20 -> 22.920891 | R165: =1-(O165/Processed!$V$23) -> 0.38520046 | S165: =1-(Processed!Q165/Processed!$V$24) -> 0.40999075
B166: 1AABAA | C166: 72 | D166: =VLOOKUP(MID($B166,2,1),Table2[],2,FALSE) -> 5 | E166: =VLOOKUP(MID($B166,3,1),Table2[],3,FALSE) -> 2.8 | F166: =VLOOKUP(MID($B166,4,1),Table2[],4,FALSE) -> Improved | G166: =VLOOKUP(MID($B166,5,1),Table2[],5,FALSE) -> Current | H166: =VLOOKUP(MID($B166,6,1),Table2[],6,FALSE) -> None | I166: Improved | J166: ASHP | K166: No | L166: =SUM(Raw!AE151:AP151)*293 -> 13679404 | M166: =SUM(Raw!AQ151:BB151)*293 -> 2481915.1 | N166: =M166+L166 -> 16161319 | O166: =N166/Processed!$V$20 -> 148.93877 | P166: =Raw!Z151*-293/Processed!$V$20 -> 83.01797 | Q166: =((L166*Processed!$V$21)+(Table3[[#This Row],[Natural Gas kWh]]*Processed!$V$22))/Processed!$V$20 -> 25.777045 | R166: =1-(O166/Processed!$V$23) -> 0.31027206 | S166: =1-(Processed!Q166/Processed!$V$24) -> 0.33647016
B167: 1AABAB | C167: 72 | D167: =VLOOKUP(MID($B167,2,1),Table2[],2,FALSE) -> 5 | E167: =VLOOKUP(MID($B167,3,1),Table2[],3,FALSE) -> 2.8 | F167: =VLOOKUP(MID($B167,4,1),Table2[],4,FALSE) -> Improved | G167: =VLOOKUP(MID($B167,5,1),Table2[],5,FALSE) -> Current | H167: =VLOOKUP(MID($B167,6,1),Table2[],6,FALSE) -> 0.75 | I167: Improved | J167: ASHP | K167: No | L167: =SUM(Raw!AE152:AP152)*293 -> 12830659 | M167: =SUM(Raw!AQ152:BB152)*293 -> 1863743.7 | N167: =M167+L167 -> 14694403 | O167: =N167/Processed!$V$20 -> 135.42002 | P167: =Raw!Z152*-293/Processed!$V$20 -> 53.04928 | Q167: =((L167*Processed!$V$21)+(Table3[[#This Row],[Natural Gas kWh]]*Processed!$V$22))/Processed!$V$20 -> 23.36492 | R167: =1-(O167/Processed!$V$23) -> 0.37287668 | S167: =1-(Processed!Q167/Processed!$V$24) -> 0.39856093
B168: 1AABBA | C168: 72 | D168: =VLOOKUP(MID($B168,2,1),Table2[],2,FALSE) -> 5 | E168: =VLOOKUP(MID($B168,3,1),Table2[],3,FALSE) -> 2.8 | F168: =VLOOKUP(MID($B168,4,1),Table2[],4,FALSE) -> Improved | G168: =VLOOKUP(MID($B168,5,1),Table2[],5,FALSE) -> 0.25 | H168: =VLOOKUP(MID($B168,6,1),Table2[],6,FALSE) -> None | I168: Improved | J168: ASHP | K168: No | L168: =SUM(Raw!AE153:AP153)*293 -> 13244352 | M168: =SUM(Raw!AQ153:BB153)*293 -> 2523726.2 | N168: =M168+L168 -> 15768078 | O168: =N168/Processed!$V$20 -> 145.31475 | P168: =Raw!Z153*-293/Processed!$V$20 -> 85.589213 | Q168: =((L168*Processed!$V$21)+(Table3[[#This Row],[Natural Gas kWh]]*Processed!$V$22))/Processed!$V$20 -> 25.168669 | R168: =1-(O168/Processed!$V$23) -> 0.32705467 | S168: =1-(Processed!Q168/Processed!$V$24) -> 0.35213042
B169: 1AABBB | C169: 72 | D169: =VLOOKUP(MID($B169,2,1),Table2[],2,FALSE) -> 5 | E169: =VLOOKUP(MID($B169,3,1),Table2[],3,FALSE) -> 2.8 | F169: =VLOOKUP(MID($B169,4,1),Table2[],4,FALSE) -> Improved | G169: =VLOOKUP(MID($B169,5,1),Table2[],5,FALSE) -> 0.25 | H169: =VLOOKUP(MID($B169,6,1),Table2[],6,FALSE) -> 0.75 | I169: Improved | J169: ASHP | K169: No | L169: =SUM(Raw!AE154:AP154)*293 -> 12418093 | M169: =SUM(Raw!AQ154:BB154)*293 -> 1883433.3 | N169: =M169+L169 -> 14301526 | O169: =N169/Processed!$V$20 -> 131.79937 | P169: =Raw!Z154*-293/Processed!$V$20 -> 55.754211 | Q169: =((L169*Processed!$V$21)+(Table3[[#This Row],[Natural Gas kWh]]*Processed!$V$22))/Processed!$V$20 -> 22.753038 | R169: =1-(O169/Processed!$V$23) -> 0.38964374 | S169: =1-(Processed!Q169/Processed!$V$24) -> 0.41431145
B170: 1ABAAA | C170: 72 | D170: =VLOOKUP(MID($B170,2,1),Table2[],2,FALSE) -> 5 | E170: =VLOOKUP(MID($B170,3,1),Table2[],3,FALSE) -> 4 | F170: =VLOOKUP(MID($B170,4,1),Table2[],4,FALSE) -> Current | G170: =VLOOKUP(MID($B170,5,1),Table2[],5,FALSE) -> Current | H170: =VLOOKUP(MID($B170,6,1),Table2[],6,FALSE) -> None | I170: Improved | J170: ASHP | K170: No | L170: =SUM(Raw!AE155:AP155)*293 -> 13486255 | M170: =SUM(Raw!AQ155:BB155)*293 -> 2403332.5 | N170: =M170+L170 -> 15889587 | O170: =N170/Processed!$V$20 -> 146.43455 | P170: =Raw!Z155*-293/Processed!$V$20 -> 77.765862 | Q170: =((L170*Processed!$V$21)+(Table3[[#This Row],[Natural Gas kWh]]*Processed!$V$22))/Processed!$V$20 -> 25.336845 | R170: =1-(O170/Processed!$V$23) -> 0.32186894 | S170: =1-(Processed!Q170/Processed!$V$24) -> 0.34780139
B171: 1ABAAB | C171: 72 | D171: =VLOOKUP(MID($B171,2,1),Table2[],2,FALSE) -> 5 | E171: =VLOOKUP(MID($B171,3,1),Table2[],3,FALSE) -> 4 | F171: =VLOOKUP(MID($B171,4,1),Table2[],4,FALSE) -> Current | G171: =VLOOKUP(MID($B171,5,1),Table2[],5,FALSE) -> Current | H171: =VLOOKUP(MID($B171,6,1),Table2[],6,FALSE) -> 0.75 | I171: Improved | J171: ASHP | K171: No | L171: =SUM(Raw!AE156:AP156)*293 -> 12603051 | M171: =SUM(Raw!AQ156:BB156)*293 -> 1768753.1 | N171: =M171+L171 -> 14371804 | O171: =N171/Processed!$V$20 -> 132.44703 | P171: =Raw!Z156*-293/Processed!$V$20 -> 47.012509 | Q171: =((L171*Processed!$V$21)+(Table3[[#This Row],[Natural Gas kWh]]*Processed!$V$22))/Processed!$V$20 -> 22.842004 | R171: =1-(O171/Processed!$V$23) -> 0.38664444 | S171: =1-(Processed!Q171/Processed!$V$24) -> 0.41202138
B172: 1ABABA | C172: 72 | D172: =VLOOKUP(MID($B172,2,1),Table2[],2,FALSE) -> 5 | E172: =VLOOKUP(MID($B172,3,1),Table2[],3,FALSE) -> 4 | F172: =VLOOKUP(MID($B172,4,1),Table2[],4,FALSE) -> Current | G172: =VLOOKUP(MID($B172,5,1),Table2[],5,FALSE) -> 0.25 | H172: =VLOOKUP(MID($B172,6,1),Table2[],6,FALSE) -> None | I172: Improved | J172: ASHP | K172: No | L172: =SUM(Raw!AE157:AP157)*293 -> 13051811 | M172: =SUM(Raw!AQ157:BB157)*293 -> 2429556 | N172: =M172+L172 -> 15481367 | O172: =N172/Processed!$V$20 -> 142.67249 | P172: =Raw!Z157*-293/Processed!$V$20 -> 80.241683 | Q172: =((L172*Processed!$V$21)+(Table3[[#This Row],[Natural Gas kWh]]*Processed!$V$22))/Processed!$V$20 -> 24.702128 | R172: =1-(O172/Processed!$V$23) -> 0.33929085 | S172: =1-(Processed!Q172/Processed!$V$24) -> 0.36413971
B173: 1ABABB | C173: 72 | D173: =VLOOKUP(MID($B173,2,1),Table2[],2,FALSE) -> 5 | E173: =VLOOKUP(MID($B173,3,1),Table2[],3,FALSE) -> 4 | F173: =VLOOKUP(MID($B173,4,1),Table2[],4,FALSE) -> Current | G173: =VLOOKUP(MID($B173,5,1),Table2[],5,FALSE) -> 0.25 | H173: =VLOOKUP(MID($B173,6,1),Table2[],6,FALSE) -> 0.75 | I173: Improved | J173: ASHP | K173: No | L173: =SUM(Raw!AE158:AP158)*293 -> 12180357 | M173: =SUM(Raw!AQ158:BB158)*293 -> 1795972.8 | N173: =M173+L173 -> 13976330 | O173: =N173/Processed!$V$20 -> 128.80244 | P173: =Raw!Z158*-293/Processed!$V$20 -> 49.607971 | Q173: =((L173*Processed!$V$21)+(Table3[[#This Row],[Natural Gas kWh]]*Processed!$V$22))/Processed!$V$20 -> 22.22744 | R173: =1-(O173/Processed!$V$23) -> 0.40352237 | S173: =1-(Processed!Q173/Processed!$V$24) -> 0.42784094
B174: 1ABBAA | C174: 72 | D174: =VLOOKUP(MID($B174,2,1),Table2[],2,FALSE) -> 5 | E174: =VLOOKUP(MID($B174,3,1),Table2[],3,FALSE) -> 4 | F174: =VLOOKUP(MID($B174,4,1),Table2[],4,FALSE) -> Improved | G174: =VLOOKUP(MID($B174,5,1),Table2[],5,FALSE) -> Current | H174: =VLOOKUP(MID($B174,6,1),Table2[],6,FALSE) -> None | I174: Improved | J174: ASHP | K174: No | L174: =SUM(Raw!AE159:AP159)*293 -> 13416057 | M174: =SUM(Raw!AQ159:BB159)*293 -> 2369930.5 | N174: =M174+L174 -> 15785987 | O174: =N174/Processed!$V$20 -> 145.4798 | P174: =Raw!Z159*-293/Processed!$V$20 -> 75.839417 | Q174: =((L174*Processed!$V$21)+(Table3[[#This Row],[Natural Gas kWh]]*Processed!$V$22))/Processed!$V$20 -> 25.16838 | R174: =1-(O174/Processed!$V$23) -> 0.32629035 | S174: =1-(Processed!Q174/Processed!$V$24) -> 0.35213785
... B232: 1CCBBA | C232: 72 | D232: =VLOOKUP(MID($B232,2,1),Table2[],2,FALSE) -> 15 | E232: =VLOOKUP(MID($B232,3,1),Table2[],3,FALSE) -> 5.5 | F232: =VLOOKUP(MID($B232,4,1),Table2[],4,FALSE) -> Improved | G232: =VLOOKUP(MID($B232,5,1),Table2[],5,FALSE) -> 0.25 | H232: =VLOOKUP(MID($B232,6,1),Table2[],6,FALSE) -> None | I232: Improved | J232: ASHP | K232: No | L232: =SUM(Raw!AE217:AP217)*293 -> 12570957 | M232: =SUM(Raw!AQ217:BB217)*293 -> 2219445.7 | N232: =M232+L232 -> 14790403 | O232: =N232/Processed!$V$20 -> 136.30474 | P232: =Raw!Z217*-293/Processed!$V$20 -> 67.465123 | Q232: =((L232*Processed!$V$21)+(Table3[[#This Row],[Natural Gas kWh]]*Processed!$V$22))/Processed!$V$20 -> 23.580883 | R232: =1-(O232/Processed!$V$23) -> 0.36877961 | S232: =1-(Processed!Q232/Processed!$V$24) -> 0.39300181
A233: x | B233: 1CCBBB | C233: 72 | D233: =VLOOKUP(MID($B233,2,1),Table2[],2,FALSE) -> 15 | E233: =VLOOKUP(MID($B233,3,1),Table2[],3,FALSE) -> 5.5 | F233: =VLOOKUP(MID($B233,4,1),Table2[],4,FALSE) -> Improved | G233: =VLOOKUP(MID($B233,5,1),Table2[],5,FALSE) -> 0.25 | H233: =VLOOKUP(MID($B233,6,1),Table2[],6,FALSE) -> 0.75 | I233: Improved | J233: ASHP | K233: No | L233: =SUM(Raw!AE218:AP218)*293 -> 11649227 | M233: =SUM(Raw!AQ218:BB218)*293 -> 1593128.9 | N233: =M233+L233 -> 13242356 | O233: =N233/Processed!$V$20 -> 122.03832 | P233: =Raw!Z218*-293/Processed!$V$20 -> 35.89574 | Q233: =((L233*Processed!$V$21)+(Table3[[#This Row],[Natural Gas kWh]]*Processed!$V$22))/Processed!$V$20 -> 21.040151 | R233: =1-(O233/Processed!$V$23) -> 0.43484669 | S233: =1-(Processed!Q233/Processed!$V$24) -> 0.45840306
A234: x | B234: =B18 -> 1AAAAA | C234: =C18 -> 1 | D234: =D18 -> 5 | E234: =E18 -> 2.8 | F234: =F18 -> Current | G234: =G18 -> Current | H234: =H18 -> None | I234: =I18 -> Current | J234: =J18 -> Current | K234: Yes | L234: =L18-200000 -> 11627263 | M234: =M18 -> 11604177 | N234: =Table3[[#This Row],[Natural Gas kWh]]+Table3[[#This Row],[Electricity kWh]] -> 23231440 | O234: =Table3[[#This Row],[Total Energy kWh]]/$V$20 -> 214.09528 | P234: =P18 -> 100.94388 | Q234: =((L234*Processed!$V$21)+(Table3[[#This Row],[Natural Gas kWh]]*Processed!$V$22))/Processed!$V$20 -> 38.535022 | R234: =1-(O234/Processed!$V$23) -> 0.0085355402 | S234: =1-(Processed!Q234/Processed!$V$24) -> 0.0080656097
B235: =B19 -> 1AAAAB | C235: =C19 -> 2 | D235: =D19 -> 5 | E235: =E19 -> 2.8 | F235: =F19 -> Current | G235: =G19 -> Current | H235: =H19 -> 0.75 | I235: =I19 -> Current | J235: =J19 -> Current | K235: Yes | L235: =L19-200000 -> 11988438 | M235: =M19 -> 7677596.2 | N235: =Table3[[#This Row],[Natural Gas kWh]]+Table3[[#This Row],[Electricity kWh]] -> 19666034 | O235: =Table3[[#This Row],[Total Energy kWh]]/$V$20 -> 181.23737 | P235: =P19 -> 65.586922 | Q235: =((L235*Processed!$V$21)+(Table3[[#This Row],[Natural Gas kWh]]*Processed!$V$22))/Processed!$V$20 -> 32.225449 | R235: =1-(O235/Processed!$V$23) -> 0.16069887 | S235: =1-(Processed!Q235/Processed!$V$24) -> 0.17048104
B236: =B20 -> 1AAABA | C236: =C20 -> 3 | D236: =D20 -> 5 | E236: =E20 -> 2.8 | F236: =F20 -> Current | G236: =G20 -> 0.25 | H236: =H20 -> None | I236: =I20 -> Current | J236: =J20 -> Current | K236: Yes | L236: =L20-200000 -> 11103698 | M236: =M20 -> 11891141 | N236: =Table3[[#This Row],[Natural Gas kWh]]+Table3[[#This Row],[Electricity kWh]] -> 22994839 | O236: =Table3[[#This Row],[Total Energy kWh]]/$V$20 -> 211.91482 | P236: =P20 -> 103.68771 | Q236: =((L236*Processed!$V$21)+(Table3[[#This Row],[Natural Gas kWh]]*Processed!$V$22))/Processed!$V$20 -> 38.217236 | R236: =1-(O236/Processed!$V$23) -> 0.018633117 | S236: =1-(Processed!Q236/Processed!$V$24) -> 0.016245762
B237: =B21 -> 1AAABB | C237: =C21 -> 4 | D237: =D21 -> 5 | E237: =E21 -> 2.8 | F237: =F21 -> Current | G237: =G21 -> 0.25 | H237: =H21 -> 0.75 | I237: =I21 -> Current | J237: =J21 -> Current | K237: Yes | L237: =L21-200000 -> 11466316 | M237: =M21 -> 7972383.5 | N237: =Table3[[#This Row],[Natural Gas kWh]]+Table3[[#This Row],[Electricity kWh]] -> 19438700 | O237: =Table3[[#This Row],[Total Energy kWh]]/$V$20 -> 179.1423 | P237: =P21 -> 68.326646 | Q237: =((L237*Processed!$V$21)+(Table3[[#This Row],[Natural Gas kWh]]*Processed!$V$22))/Processed!$V$20 -> 31.923623 | R237: =1-(O237/Processed!$V$23) -> 0.17040099 | S237: =1-(Processed!Q237/Processed!$V$24) -> 0.1782504
B238: =B22 -> 1AABAA | C238: =C22 -> 5 | D238: =D22 -> 5 | E238: =E22 -> 2.8 | F238: =F22 -> Improved | G238: =G22 -> Current | H238: =H22 -> None | I238: =I22 -> Current | J238: =J22 -> Current | K238: Yes | L238: =L22-200000 -> 11628447 | M238: =M22 -> 11403970 | N238: =Table3[[#This Row],[Natural Gas kWh]]+Table3[[#This Row],[Electricity kWh]] -> 23032417 | O238: =Table3[[#This Row],[Total Energy kWh]]/$V$20 -> 212.26113 | P238: =P22 -> 98.976327 | Q238: =((L238*Processed!$V$21)+(Table3[[#This Row],[Natural Gas kWh]]*Processed!$V$22))/Processed!$V$20 -> 38.186316 | R238: =1-(O238/Processed!$V$23) -> 0.01702938 | S238: =1-(Processed!Q238/Processed!$V$24) -> 0.017041692
B239: =B23 -> 1AABAB | C239: =C23 -> 6 | D239: =D23 -> 5 | E239: =E23 -> 2.8 | F239: =F23 -> Improved | G239: =G23 -> Current | H239: =H23 -> 0.75 | I239: =I23 -> Current | J239: =J23 -> Current | K239: Yes | L239: =L23-200000 -> 11989693 | M239: =M23 -> 7470796.8 | N239: =Table3[[#This Row],[Natural Gas kWh]]+Table3[[#This Row],[Electricity kWh]] -> 19460490 | O239: =Table3[[#This Row],[Total Energy kWh]]/$V$20 -> 179.34312 | P239: =P23 -> 63.620185 | Q239: =((L239*Processed!$V$21)+(Table3[[#This Row],[Natural Gas kWh]]*Processed!$V$22))/Processed!$V$20 -> 31.865311 | R239: =1-(O239/Processed!$V$23) -> 0.16947103 | S239: =1-(Processed!Q239/Processed!$V$24) -> 0.1797514
B240: =B24 -> 1AABBA | C240: =C24 -> 7 | D240: =D24 -> 5 | E240: =E24 -> 2.8 | F240: =F24 -> Improved | G240: =G24 -> 0.25 | H240: =H24 -> None | I240: =I24 -> Current | J240: =J24 -> Current | K240: Yes | L240: =L24-200000 -> 11103910 | M240: =M24 -> 11684225 | N240: =Table3[[#This Row],[Natural Gas kWh]]+Table3[[#This Row],[Electricity kWh]] -> 22788135 | O240: =Table3[[#This Row],[Total Energy kWh]]/$V$20 -> 210.00988 | P240: =P24 -> 101.69298 | Q240: =((L240*Processed!$V$21)+(Table3[[#This Row],[Natural Gas kWh]]*Processed!$V$22))/Processed!$V$20 -> 37.855259 | R240: =1-(O240/Processed!$V$23) -> 0.027454794 | S240: =1-(Processed!Q240/Processed!$V$24) -> 0.025563466
B241: =B25 -> 1AABBB | C241: =C25 -> 8 | D241: =D25 -> 5 | E241: =E25 -> 2.8 | F241: =F25 -> Improved | G241: =G25 -> 0.25 | H241: =H25 -> 0.75 | I241: =I25 -> Current | J241: =J25 -> Current | K241: Yes | L241: =L25-200000 -> 11466718 | M241: =M25 -> 7766375.2 | N241: =Table3[[#This Row],[Natural Gas kWh]]+Table3[[#This Row],[Electricity kWh]] -> 19233093 | O241: =Table3[[#This Row],[Total Energy kWh]]/$V$20 -> 177.24749 | P241: =P25 -> 66.332676 | Q241: =((L241*Processed!$V$21)+(Table3[[#This Row],[Natural Gas kWh]]*Processed!$V$22))/Processed!$V$20 -> 31.563533 | R241: =1-(O241/Processed!$V$23) -> 0.17917579 | S241: =1-(Processed!Q241/Processed!$V$24) -> 0.1875195
B242: =B26 -> 1ABAAA | C242: =C26 -> 9 | D242: =D26 -> 5 | E242: =E26 -> 4 | F242: =F26 -> Current | G242: =G26 -> Current | H242: =H26 -> None | I242: =I26 -> Current | J242: =J26 -> Current | K242: Yes | L242: =L26-200000 -> 11640697 | M242: =M26 -> 10787908 | N242: =Table3[[#This Row],[Natural Gas kWh]]+Table3[[#This Row],[Electricity kWh]] -> 22428605 | O242: =Table3[[#This Row],[Total Energy kWh]]/$V$20 -> 206.69655 | P242: =P26 -> 92.911346 | Q242: =((L242*Processed!$V$21)+(Table3[[#This Row],[Natural Gas kWh]]*Processed!$V$22))/Processed!$V$20 -> 37.126787 | R242: =1-(O242/Processed!$V$23) -> 0.04279868 | S242: =1-(Processed!Q242/Processed!$V$24) -> 0.044315134
B243: =B27 -> 1ABAAB | C243: =C27 -> 10 | D243: =D27 -> 5 | E243: =E27 -> 4 | F243: =F27 -> Current | G243: =G27 -> Current | H243: =H27 -> 0.75 | I243: =I27 -> Current | J243: =J27 -> Current | K243: Yes | L243: =L27-200000 -> 12001177 | M243: =M27 -> 6831881 | N243: =Table3[[#This Row],[Natural Gas kWh]]+Table3[[#This Row],[Electricity kWh]] -> 18833058 | O243: =Table3[[#This Row],[Total Energy kWh]]/$V$20 -> 173.56086 | P243: =P27 -> 57.560607 | Q243: =((L243*Processed!$V$21)+(Table3[[#This Row],[Natural Gas kWh]]*Processed!$V$22))/Processed!$V$20 -> 30.764565 | R243: =1-(O243/Processed!$V$23) -> 0.19624838 | S243: =1-(Processed!Q243/Processed!$V$24) -> 0.20808582
B244: =B28 -> 1ABABA | C244: =C28 -> 11 | D244: =D28 -> 5 | E244: =E28 -> 4 | F244: =F28 -> Current | G244: =G28 -> 0.25 | H244: =H28 -> None | I244: =I28 -> Current | J244: =J28 -> Current | K244: Yes | L244: =L28-200000 -> 11113475 | M244: =M28 -> 11053923 | N244: =Table3[[#This Row],[Natural Gas kWh]]+Table3[[#This Row],[Electricity kWh]] -> 22167398 | O244: =Table3[[#This Row],[Total Energy kWh]]/$V$20 -> 204.28932 | P244: =P28 -> 95.517666 | Q244: =((L244*Processed!$V$21)+(Table3[[#This Row],[Natural Gas kWh]]*Processed!$V$22))/Processed!$V$20 -> 36.76659 | R244: =1-(O244/Processed!$V$23) -> 0.053946405 | S244: =1-(Processed!Q244/Processed!$V$24) -> 0.053587013
B245: =B29 -> 1ABABB | C245: =C29 -> 12 | D245: =D29 -> 5 | E245: =E29 -> 4 | F245: =F29 -> Current | G245: =G29 -> 0.25 | H245: =H29 -> 0.75 | I245: =I29 -> Current | J245: =J29 -> Current | K245: Yes | L245: =L29-200000 -> 11476213 | M245: =M29 -> 7115885.9 | N245: =Table3[[#This Row],[Natural Gas kWh]]+Table3[[#This Row],[Electricity kWh]] -> 18592099 | O245: =Table3[[#This Row],[Total Energy kWh]]/$V$20 -> 171.34024 | P245: =P29 -> 60.161418 | Q245: =((L245*Processed!$V$21)+(Table3[[#This Row],[Natural Gas kWh]]*Processed!$V$22))/Processed!$V$20 -> 30.439406 | R245: =1-(O245/Processed!$V$23) -> 0.20653196 | S245: =1-(Processed!Q245/Processed!$V$24) -> 0.21645578
B246: =B30 -> 1ABBAA | C246: =C30 -> 13 | D246: =D30 -> 5 | E246: =E30 -> 4 | F246: =F30 -> Improved | G246: =G30 -> Current | H246: =H30 -> None | I246: =I30 -> Current | J246: =J30 -> Current | K246: Yes | L246: =L30-200000 -> 11643899 | M246: =M30 -> 10587907 | N246: =Table3[[#This Row],[Natural Gas kWh]]+Table3[[#This Row],[Electricity kWh]] -> 22231806 | O246: =Table3[[#This Row],[Total Energy kWh]]/$V$20 -> 204.88289 | P246: =P30 -> 90.940715 | Q246: =((L246*Processed!$V$21)+(Table3[[#This Row],[Natural Gas kWh]]*Processed!$V$22))/Processed!$V$20 -> 36.781602 | R246: =1-(O246/Processed!$V$23) -> 0.051197643 | S246: =1-(Processed!Q246/Processed!$V$24) -> 0.05320059
... B305: =B89 -> 1CCBBB | C305: =C89 -> 72 | D305: =D89 -> 15 | E305: =E89 -> 5.5 | F305: =F89 -> Improved | G305: =G89 -> 0.25 | H305: =H89 -> 0.75 | I305: =I89 -> Current | J305: =J89 -> Current | K305: Yes | L305: =L89-200000 -> 11491584 | M305: =M89 -> 5645582.6 | N305: =Table3[[#This Row],[Natural Gas kWh]]+Table3[[#This Row],[Electricity kWh]] -> 17137167 | O305: =Table3[[#This Row],[Total Energy kWh]]/$V$20 -> 157.93194 | P305: =P89 -> 46.452571 | Q305: =((L305*Processed!$V$21)+(Table3[[#This Row],[Natural Gas kWh]]*Processed!$V$22))/Processed!$V$20 -> 27.888996 | R305: =1-(O305/Processed!$V$23) -> 0.26862512 | S305: =1-(Processed!Q305/Processed!$V$24) -> 0.28210618
A306: x | B306: =B90 -> 1AAAAA | C306: =C90 -> 72 | D306: =D90 -> 5 | E306: =E90 -> 2.8 | F306: =F90 -> Current | G306: =G90 -> Current | H306: =H90 -> None | I306: =I90 -> Improved | J306: =J90 -> Current | K306: Yes | L306: =L90-200000 -> 10460237 | M306: =M90 -> 9782303.1 | N306: =Table3[[#This Row],[Natural Gas kWh]]+Table3[[#This Row],[Electricity kWh]] -> 20242540 | O306: =Table3[[#This Row],[Total Energy kWh]]/$V$20 -> 186.5503 | P306: =P90 -> 86.980273 | Q306: =((L306*Processed!$V$21)+(Table3[[#This Row],[Natural Gas kWh]]*Processed!$V$22))/Processed!$V$20 -> 33.516578 | R306: =1-(O306/Processed!$V$23) -> 0.13609492 | S306: =1-(Processed!Q306/Processed!$V$24) -> 0.13724595
B307: =B91 -> 1AAAAB | C307: =C91 -> 72 | D307: =D91 -> 5 | E307: =E91 -> 2.8 | F307: =F91 -> Current | G307: =G91 -> Current | H307: =H91 -> 0.75 | I307: =I91 -> Improved | J307: =J91 -> Current | K307: Yes | L307: =L91-200000 -> 10795001 | M307: =M91 -> 6274360.6 | N307: =Table3[[#This Row],[Natural Gas kWh]]+Table3[[#This Row],[Electricity kWh]] -> 17069362 | O307: =Table3[[#This Row],[Total Energy kWh]]/$V$20 -> 157.30707 | P307: =P91 -> 54.991954 | Q307: =((L307*Processed!$V$21)+(Table3[[#This Row],[Natural Gas kWh]]*Processed!$V$22))/Processed!$V$20 -> 27.898661 | R307: =1-(O307/Processed!$V$23) -> 0.27151888 | S307: =1-(Processed!Q307/Processed!$V$24) -> 0.2818574
B308: =B92 -> 1AAABA | C308: =C92 -> 72 | D308: =D92 -> 5 | E308: =E92 -> 2.8 | F308: =F92 -> Current | G308: =G92 -> 0.25 | H308: =H92 -> None | I308: =I92 -> Improved | J308: =J92 -> Current | K308: Yes | L308: =L92-200000 -> 9934728.2 | M308: =M92 -> 10069355 | N308: =Table3[[#This Row],[Natural Gas kWh]]+Table3[[#This Row],[Electricity kWh]] -> 20004083 | O308: =Table3[[#This Row],[Total Energy kWh]]/$V$20 -> 184.35274 | P308: =P92 -> 89.724035 | Q308: =((L308*Processed!$V$21)+(Table3[[#This Row],[Natural Gas kWh]]*Processed!$V$22))/Processed!$V$20 -> 33.195901 | R308: =1-(O308/Processed!$V$23) -> 0.14627171 | S308: =1-(Processed!Q308/Processed!$V$24) -> 0.14550054
B309: =B93 -> 1AAABB | C309: =C93 -> 72 | D309: =D93 -> 5 | E309: =E93 -> 2.8 | F309: =F93 -> Current | G309: =G93 -> 0.25 | H309: =H93 -> 0.75 | I309: =I93 -> Improved | J309: =J93 -> Current | K309: Yes | L309: =L93-200000 -> 10269821 | M309: =M93 -> 6568122.4 | N309: =Table3[[#This Row],[Natural Gas kWh]]+Table3[[#This Row],[Electricity kWh]] -> 16837944 | O309: =Table3[[#This Row],[Total Energy kWh]]/$V$20 -> 155.17437 | P309: =P93 -> 57.731655 | Q309: =((L309*Processed!$V$21)+(Table3[[#This Row],[Natural Gas kWh]]*Processed!$V$22))/Processed!$V$20 -> 27.590248 | R309: =1-(O309/Processed!$V$23) -> 0.28139528 | S309: =1-(Processed!Q309/Processed!$V$24) -> 0.28979629
B310: =B94 -> 1AABAA | C310: =C94 -> 72 | D310: =D94 -> 5 | E310: =E94 -> 2.8 | F310: =F94 -> Improved | G310: =G94 -> Current | H310: =H94 -> None | I310: =I94 -> Improved | J310: =J94 -> Current | K310: Yes | L310: =L94-200000 -> 10460853 | M310: =M94 -> 9582096.2 | N310: =Table3[[#This Row],[Natural Gas kWh]]+Table3[[#This Row],[Electricity kWh]] -> 20042949 | O310: =Table3[[#This Row],[Total Energy kWh]]/$V$20 -> 184.71092 | P310: =P94 -> 85.012765 | Q310: =((L310*Processed!$V$21)+(Table3[[#This Row],[Natural Gas kWh]]*Processed!$V$22))/Processed!$V$20 -> 33.166982 | R310: =1-(O310/Processed!$V$23) -> 0.144613 | S310: =1-(Processed!Q310/Processed!$V$24) -> 0.14624494
B311: =B95 -> 1AABAB | C311: =C95 -> 72 | D311: =D95 -> 5 | E311: =E95 -> 2.8 | F311: =F95 -> Improved | G311: =G95 -> Current | H311: =H95 -> 0.75 | I311: =I95 -> Improved | J311: =J95 -> Current | K311: Yes | L311: =L95-200000 -> 10796120 | M311: =M95 -> 6066887.3 | N311: =Table3[[#This Row],[Natural Gas kWh]]+Table3[[#This Row],[Electricity kWh]] -> 16863007 | O311: =Table3[[#This Row],[Total Energy kWh]]/$V$20 -> 155.40536 | P311: =P95 -> 53.025211 | Q311: =((L311*Processed!$V$21)+(Table3[[#This Row],[Natural Gas kWh]]*Processed!$V$22))/Processed!$V$20 -> 27.537129 | R311: =1-(O311/Processed!$V$23) -> 0.28032561 | S311: =1-(Processed!Q311/Processed!$V$24) -> 0.29116361
B312: =B96 -> 1AABBA | C312: =C96 -> 72 | D312: =D96 -> 5 | E312: =E96 -> 2.8 | F312: =F96 -> Improved | G312: =G96 -> 0.25 | H312: =H96 -> None | I312: =I96 -> Improved | J312: =J96 -> Current | K312: Yes | L312: =L96-200000 -> 9934184.2 | M312: =M96 -> 9862907.4 | N312: =Table3[[#This Row],[Natural Gas kWh]]+Table3[[#This Row],[Electricity kWh]] -> 19797092 | O312: =Table3[[#This Row],[Total Energy kWh]]/$V$20 -> 182.44516 | P312: =P96 -> 87.729423 | Q312: =((L312*Processed!$V$21)+(Table3[[#This Row],[Natural Gas kWh]]*Processed!$V$22))/Processed!$V$20 -> 32.83356 | R312: =1-(O312/Processed!$V$23) -> 0.15510564 | S312: =1-(Processed!Q312/Processed!$V$24) -> 0.1548276
B313: =B97 -> 1AABBB | C313: =C97 -> 72 | D313: =D97 -> 5 | E313: =E97 -> 2.8 | F313: =F97 -> Improved | G313: =G97 -> 0.25 | H313: =H97 -> 0.75 | I313: =I97 -> Improved | J313: =J97 -> Current | K313: Yes | L313: =L97-200000 -> 10270035 | M313: =M97 -> 6362641.5 | N313: =Table3[[#This Row],[Natural Gas kWh]]+Table3[[#This Row],[Electricity kWh]] -> 16632677 | O313: =Table3[[#This Row],[Total Energy kWh]]/$V$20 -> 153.28268 | P313: =P97 -> 55.737667 | Q313: =((L313*Processed!$V$21)+(Table3[[#This Row],[Natural Gas kWh]]*Processed!$V$22))/Processed!$V$20 -> 27.230787 | R313: =1-(O313/Processed!$V$23) -> 0.2901556 | S313: =1-(Processed!Q313/Processed!$V$24) -> 0.29904921
B314: =B98 -> 1ABAAA | C314: =C98 -> 72 | D314: =D98 -> 5 | E314: =E98 -> 4 | F314: =F98 -> Current | G314: =G98 -> Current | H314: =H98 -> None | I314: =I98 -> Improved | J314: =J98 -> Current | K314: Yes | L314: =L98-200000 -> 10472324 | M314: =M98 -> 8965096.8 | N314: =Table3[[#This Row],[Natural Gas kWh]]+Table3[[#This Row],[Electricity kWh]] -> 19437421 | O314: =Table3[[#This Row],[Total Energy kWh]]/$V$20 -> 179.13052 | P314: =P98 -> 78.947731 | Q314: =((L314*Processed!$V$21)+(Table3[[#This Row],[Natural Gas kWh]]*Processed!$V$22))/Processed!$V$20 -> 32.104591 | R314: =1-(O314/Processed!$V$23) -> 0.17045556 | S314: =1-(Processed!Q314/Processed!$V$24) -> 0.17359205
B315: =B99 -> 1ABAAB | C315: =C99 -> 72 | D315: =D99 -> 5 | E315: =E99 -> 4 | F315: =F99 -> Current | G315: =G99 -> Current | H315: =H99 -> 0.75 | I315: =I99 -> Improved | J315: =J99 -> Current | K315: Yes | L315: =L99-200000 -> 10808202 | M315: =M99 -> 5428059.4 | N315: =Table3[[#This Row],[Natural Gas kWh]]+Table3[[#This Row],[Electricity kWh]] -> 16236261 | O315: =Table3[[#This Row],[Total Energy kWh]]/$V$20 -> 149.62942 | P315: =P99 -> 46.965528 | Q315: =((L315*Processed!$V$21)+(Table3[[#This Row],[Natural Gas kWh]]*Processed!$V$22))/Processed!$V$20 -> 26.437474 | R315: =1-(O315/Processed!$V$23) -> 0.30707368 | S315: =1-(Processed!Q315/Processed!$V$24) -> 0.31946996
B316: =B100 -> 1ABABA | C316: =C100 -> 72 | D316: =D100 -> 5 | E316: =E100 -> 4 | F316: =F100 -> Current | G316: =G100 -> 0.25 | H316: =H100 -> None | I316: =I100 -> Improved | J316: =J100 -> Current | K316: Yes | L316: =L100-200000 -> 9943109.2 | M316: =M100 -> 9231375.2 | N316: =Table3[[#This Row],[Natural Gas kWh]]+Table3[[#This Row],[Electricity kWh]] -> 19174484 | O316: =Table3[[#This Row],[Total Energy kWh]]/$V$20 -> 176.70736 | P316: =P100 -> 81.554231 | Q316: =((L316*Processed!$V$21)+(Table3[[#This Row],[Natural Gas kWh]]*Processed!$V$22))/Processed!$V$20 -> 31.741734 | R316: =1-(O316/Processed!$V$23) -> 0.18167709 | S316: =1-(Processed!Q316/Processed!$V$24) -> 0.18293242
B317: =B101 -> 1ABABB | C317: =C101 -> 72 | D317: =D101 -> 5 | E317: =E101 -> 4 | F317: =F101 -> Current | G317: =G101 -> 0.25 | H317: =H101 -> 0.75 | I317: =I101 -> Improved | J317: =J101 -> Current | K317: Yes | L317: =L101-200000 -> 10279977 | M317: =M101 -> 5712591.7 | N317: =Table3[[#This Row],[Natural Gas kWh]]+Table3[[#This Row],[Electricity kWh]] -> 15992569 | O317: =Table3[[#This Row],[Total Energy kWh]]/$V$20 -> 147.38361 | P317: =P101 -> 49.56646 | Q317: =((L317*Processed!$V$21)+(Table3[[#This Row],[Natural Gas kWh]]*Processed!$V$22))/Processed!$V$20 -> 26.10813 | R317: =1-(O317/Processed!$V$23) -> 0.31747393 | S317: =1-(Processed!Q317/Processed!$V$24) -> 0.32794765
B318: =B102 -> 1ABBAA | C318: =C102 -> 72 | D318: =D102 -> 5 | E318: =E102 -> 4 | F318: =F102 -> Improved | G318: =G102 -> Current | H318: =H102 -> None | I318: =I102 -> Improved | J318: =J102 -> Current | K318: Yes | L318: =L102-200000 -> 10475007 | M318: =M102 -> 8765475.9 | N318: =Table3[[#This Row],[Natural Gas kWh]]+Table3[[#This Row],[Electricity kWh]] -> 19240483 | O318: =Table3[[#This Row],[Total Energy kWh]]/$V$20 -> 177.31559 | P318: =P102 -> 76.977078 | Q318: =((L318*Processed!$V$21)+(Table3[[#This Row],[Natural Gas kWh]]*Processed!$V$22))/Processed!$V$20 -> 31.75926 | R318: =1-(O318/Processed!$V$23) -> 0.17886042 | S318: =1-(Processed!Q318/Processed!$V$24) -> 0.18248127
... B377: =B161 -> 1CCBBB | C377: =C161 -> 72 | D377: =D161 -> 15 | E377: =E161 -> 5.5 | F377: =F161 -> Improved | G377: =G161 -> 0.25 | H377: =H161 -> 0.75 | I377: =I161 -> Improved | J377: =J161 -> Current | K377: Yes | L377: =L161-200000 -> 10294565 | M377: =M161 -> 4241995.4 | N377: =Table3[[#This Row],[Natural Gas kWh]]+Table3[[#This Row],[Electricity kWh]] -> 14536561 | O377: =Table3[[#This Row],[Total Energy kWh]]/$V$20 -> 133.96539 | P377: =P161 -> 35.857578 | Q377: =((L377*Processed!$V$21)+(Table3[[#This Row],[Natural Gas kWh]]*Processed!$V$22))/Processed!$V$20 -> 23.55598 | R377: =1-(O377/Processed!$V$23) -> 0.37961301 | S377: =1-(Processed!Q377/Processed!$V$24) -> 0.39364283
A378: x | B378: =B162 -> 1AAAAA | C378: =C162 -> 72 | D378: =D162 -> 5 | E378: =E162 -> 2.8 | F378: =F162 -> Current | G378: =G162 -> Current | H378: =H162 -> None | I378: =I162 -> Improved | J378: =J162 -> ASHP | K378: Yes | L378: =L162-200000 -> 13544397 | M378: =M162 -> 2526392.5 | N378: =Table3[[#This Row],[Natural Gas kWh]]+Table3[[#This Row],[Electricity kWh]] -> 16070789 | O378: =Table3[[#This Row],[Total Energy kWh]]/$V$20 -> 148.10447 | P378: =P162 -> 84.825046 | Q378: =((L378*Processed!$V$21)+(Table3[[#This Row],[Natural Gas kWh]]*Processed!$V$22))/Processed!$V$20 -> 25.643412 | R378: =1-(O378/Processed!$V$23) -> 0.31413565 | S378: =1-(Processed!Q378/Processed!$V$24) -> 0.33991002
B379: =B163 -> 1AAAAB | C379: =C163 -> 72 | D379: =D163 -> 5 | E379: =E163 -> 2.8 | F379: =F163 -> Current | G379: =G163 -> Current | H379: =H163 -> 0.75 | I379: =I163 -> Improved | J379: =J163 -> ASHP | K379: Yes | L379: =L163-200000 -> 12709241 | M379: =M163 -> 1888326.4 | N379: =Table3[[#This Row],[Natural Gas kWh]]+Table3[[#This Row],[Electricity kWh]] -> 14597567 | O379: =Table3[[#This Row],[Total Energy kWh]]/$V$20 -> 134.52761 | P379: =P163 -> 55.018464 | Q379: =((L379*Processed!$V$21)+(Table3[[#This Row],[Natural Gas kWh]]*Processed!$V$22))/Processed!$V$20 -> 23.217741 | R379: =1-(O379/Processed!$V$23) -> 0.37700938 | S379: =1-(Processed!Q379/Processed!$V$24) -> 0.40234947
B380: =B164 -> 1AAABA | C380: =C164 -> 72 | D380: =D164 -> 5 | E380: =E164 -> 2.8 | F380: =F164 -> Current | G380: =G164 -> 0.25 | H380: =H164 -> None | I380: =I164 -> Improved | J380: =J164 -> ASHP | K380: Yes | L380: =L164-200000 -> 13118037 | M380: =M164 -> 2560790.7 | N380: =Table3[[#This Row],[Natural Gas kWh]]+Table3[[#This Row],[Electricity kWh]] -> 15678828 | O380: =Table3[[#This Row],[Total Energy kWh]]/$V$20 -> 144.49224 | P380: =P164 -> 87.487254 | Q380: =((L380*Processed!$V$21)+(Table3[[#This Row],[Natural Gas kWh]]*Processed!$V$22))/Processed!$V$20 -> 25.035674 | R380: =1-(O380/Processed!$V$23) -> 0.33086368 | S380: =1-(Processed!Q380/Processed!$V$24) -> 0.35555387
B381: =B165 -> 1AAABB | C381: =C165 -> 72 | D381: =D165 -> 5 | E381: =E165 -> 2.8 | F381: =F165 -> Current | G381: =G165 -> 0.25 | H381: =H165 -> 0.75 | I381: =I165 -> Improved | J381: =J165 -> ASHP | K381: Yes | L381: =L165-200000 -> 12296480 | M381: =M165 -> 1909158.7 | N381: =Table3[[#This Row],[Natural Gas kWh]]+Table3[[#This Row],[Electricity kWh]] -> 14205639 | O381: =Table3[[#This Row],[Total Energy kWh]]/$V$20 -> 130.91569 | P381: =P165 -> 57.751958 | Q381: =((L381*Processed!$V$21)+(Table3[[#This Row],[Natural Gas kWh]]*Processed!$V$22))/Processed!$V$20 -> 22.607555 | R381: =1-(O381/Processed!$V$23) -> 0.393736 | S381: =1-(Processed!Q381/Processed!$V$24) -> 0.41805635
B382: =B166 -> 1AABAA | C382: =C166 -> 72 | D382: =D166 -> 5 | E382: =E166 -> 2.8 | F382: =F166 -> Improved | G382: =G166 -> Current | H382: =H166 -> None | I382: =I166 -> Improved | J382: =J166 -> ASHP | K382: Yes | L382: =L166-200000 -> 13479404 | M382: =M166 -> 2481915.1 | N382: =Table3[[#This Row],[Natural Gas kWh]]+Table3[[#This Row],[Electricity kWh]] -> 15961319 | O382: =Table3[[#This Row],[Total Energy kWh]]/$V$20 -> 147.09562 | P382: =P166 -> 83.01797 | Q382: =((L382*Processed!$V$21)+(Table3[[#This Row],[Natural Gas kWh]]*Processed!$V$22))/Processed!$V$20 -> 25.463709 | R382: =1-(O382/Processed!$V$23) -> 0.3188076 | S382: =1-(Processed!Q382/Processed!$V$24) -> 0.34453577
B383: =B167 -> 1AABAB | C383: =C167 -> 72 | D383: =D167 -> 5 | E383: =E167 -> 2.8 | F383: =F167 -> Improved | G383: =G167 -> Current | H383: =H167 -> 0.75 | I383: =I167 -> Improved | J383: =J167 -> ASHP | K383: Yes | L383: =L167-200000 -> 12630659 | M383: =M167 -> 1863743.7 | N383: =Table3[[#This Row],[Natural Gas kWh]]+Table3[[#This Row],[Electricity kWh]] -> 14494403 | O383: =Table3[[#This Row],[Total Energy kWh]]/$V$20 -> 133.57687 | P383: =P167 -> 53.04928 | Q383: =((L383*Processed!$V$21)+(Table3[[#This Row],[Natural Gas kWh]]*Processed!$V$22))/Processed!$V$20 -> 23.051584 | R383: =1-(O383/Processed!$V$23) -> 0.38141222 | S383: =1-(Processed!Q383/Processed!$V$24) -> 0.40662654
B384: =B168 -> 1AABBA | C384: =C168 -> 72 | D384: =D168 -> 5 | E384: =E168 -> 2.8 | F384: =F168 -> Improved | G384: =G168 -> 0.25 | H384: =H168 -> None | I384: =I168 -> Improved | J384: =J168 -> ASHP | K384: Yes | L384: =L168-200000 -> 13044352 | M384: =M168 -> 2523726.2 | N384: =Table3[[#This Row],[Natural Gas kWh]]+Table3[[#This Row],[Electricity kWh]] -> 15568078 | O384: =Table3[[#This Row],[Total Energy kWh]]/$V$20 -> 143.4716 | P384: =P168 -> 85.589213 | Q384: =((L384*Processed!$V$21)+(Table3[[#This Row],[Natural Gas kWh]]*Processed!$V$22))/Processed!$V$20 -> 24.855333 | R384: =1-(O384/Processed!$V$23) -> 0.33559021 | S384: =1-(Processed!Q384/Processed!$V$24) -> 0.36019603
B385: =B169 -> 1AABBB | C385: =C169 -> 72 | D385: =D169 -> 5 | E385: =E169 -> 2.8 | F385: =F169 -> Improved | G385: =G169 -> 0.25 | H385: =H169 -> 0.75 | I385: =I169 -> Improved | J385: =J169 -> ASHP | K385: Yes | L385: =L169-200000 -> 12218093 | M385: =M169 -> 1883433.3 | N385: =Table3[[#This Row],[Natural Gas kWh]]+Table3[[#This Row],[Electricity kWh]] -> 14101526 | O385: =Table3[[#This Row],[Total Energy kWh]]/$V$20 -> 129.95622 | P385: =P169 -> 55.754211 | Q385: =((L385*Processed!$V$21)+(Table3[[#This Row],[Natural Gas kWh]]*Processed!$V$22))/Processed!$V$20 -> 22.439703 | R385: =1-(O385/Processed!$V$23) -> 0.39817928 | S385: =1-(Processed!Q385/Processed!$V$24) -> 0.42237706
B386: =B170 -> 1ABAAA | C386: =C170 -> 72 | D386: =D170 -> 5 | E386: =E170 -> 4 | F386: =F170 -> Current | G386: =G170 -> Current | H386: =H170 -> None | I386: =I170 -> Improved | J386: =J170 -> ASHP | K386: Yes | L386: =L170-200000 -> 13286255 | M386: =M170 -> 2403332.5 | N386: =Table3[[#This Row],[Natural Gas kWh]]+Table3[[#This Row],[Electricity kWh]] -> 15689587 | O386: =Table3[[#This Row],[Total Energy kWh]]/$V$20 -> 144.5914 | P386: =P170 -> 77.765862 | Q386: =((L386*Processed!$V$21)+(Table3[[#This Row],[Natural Gas kWh]]*Processed!$V$22))/Processed!$V$20 -> 25.023509 | R386: =1-(O386/Processed!$V$23) -> 0.33040448 | S386: =1-(Processed!Q386/Processed!$V$24) -> 0.355867
B387: =B171 -> 1ABAAB | C387: =C171 -> 72 | D387: =D171 -> 5 | E387: =E171 -> 4 | F387: =F171 -> Current | G387: =G171 -> Current | H387: =H171 -> 0.75 | I387: =I171 -> Improved | J387: =J171 -> ASHP | K387: Yes | L387: =L171-200000 -> 12403051 | M387: =M171 -> 1768753.1 | N387: =Table3[[#This Row],[Natural Gas kWh]]+Table3[[#This Row],[Electricity kWh]] -> 14171804 | O387: =Table3[[#This Row],[Total Energy kWh]]/$V$20 -> 130.60388 | P387: =P171 -> 47.012509 | Q387: =((L387*Processed!$V$21)+(Table3[[#This Row],[Natural Gas kWh]]*Processed!$V$22))/Processed!$V$20 -> 22.528668 | R387: =1-(O387/Processed!$V$23) -> 0.39517998 | S387: =1-(Processed!Q387/Processed!$V$24) -> 0.42008699
B388: =B172 -> 1ABABA | C388: =C172 -> 72 | D388: =D172 -> 5 | E388: =E172 -> 4 | F388: =F172 -> Current | G388: =G172 -> 0.25 | H388: =H172 -> None | I388: =I172 -> Improved | J388: =J172 -> ASHP | K388: Yes | L388: =L172-200000 -> 12851811 | M388: =M172 -> 2429556 | N388: =Table3[[#This Row],[Natural Gas kWh]]+Table3[[#This Row],[Electricity kWh]] -> 15281367 | O388: =Table3[[#This Row],[Total Energy kWh]]/$V$20 -> 140.82934 | P388: =P172 -> 80.241683 | Q388: =((L388*Processed!$V$21)+(Table3[[#This Row],[Natural Gas kWh]]*Processed!$V$22))/Processed!$V$20 -> 24.388792 | R388: =1-(O388/Processed!$V$23) -> 0.34782639 | S388: =1-(Processed!Q388/Processed!$V$24) -> 0.37220532
B389: =B173 -> 1ABABB | C389: =C173 -> 72 | D389: =D173 -> 5 | E389: =E173 -> 4 | F389: =F173 -> Current | G389: =G173 -> 0.25 | H389: =H173 -> 0.75 | I389: =I173 -> Improved | J389: =J173 -> ASHP | K389: Yes | L389: =L173-200000 -> 11980357 | M389: =M173 -> 1795972.8 | N389: =Table3[[#This Row],[Natural Gas kWh]]+Table3[[#This Row],[Electricity kWh]] -> 13776330 | O389: =Table3[[#This Row],[Total Energy kWh]]/$V$20 -> 126.95929 | P389: =P173 -> 49.607971 | Q389: =((L389*Processed!$V$21)+(Table3[[#This Row],[Natural Gas kWh]]*Processed!$V$22))/Processed!$V$20 -> 21.914104 | R389: =1-(O389/Processed!$V$23) -> 0.41205791 | S389: =1-(Processed!Q389/Processed!$V$24) -> 0.43590655
B390: =B174 -> 1ABBAA | C390: =C174 -> 72 | D390: =D174 -> 5 | E390: =E174 -> 4 | F390: =F174 -> Improved | G390: =G174 -> Current | H390: =H174 -> None | I390: =I174 -> Improved | J390: =J174 -> ASHP | K390: Yes | L390: =L174-200000 -> 13216057 | M390: =M174 -> 2369930.5 | N390: =Table3[[#This Row],[Natural Gas kWh]]+Table3[[#This Row],[Electricity kWh]] -> 15585987 | O390: =Table3[[#This Row],[Total Energy kWh]]/$V$20 -> 143.63665 | P390: =P174 -> 75.839417 | Q390: =((L390*Processed!$V$21)+(Table3[[#This Row],[Natural Gas kWh]]*Processed!$V$22))/Processed!$V$20 -> 24.855045 | R390: =1-(O390/Processed!$V$23) -> 0.33482589 | S390: =1-(Processed!Q390/Processed!$V$24) -> 0.36020346
... B448: =B232 -> 1CCBBA | C448: =C232 -> 72 | D448: =D232 -> 15 | E448: =E232 -> 5.5 | F448: =F232 -> Improved | G448: =G232 -> 0.25 | H448: =H232 -> None | I448: =I232 -> Improved | J448: =J232 -> ASHP | K448: Yes | L448: =L232-200000 -> 12370957 | M448: =M232 -> 2219445.7 | N448: =Table3[[#This Row],[Natural Gas kWh]]+Table3[[#This Row],[Electricity kWh]] -> 14590403 | O448: =Table3[[#This Row],[Total Energy kWh]]/$V$20 -> 134.46159 | P448: =P232 -> 67.465123 | Q448: =((L448*Processed!$V$21)+(Table3[[#This Row],[Natural Gas kWh]]*Processed!$V$22))/Processed!$V$20 -> 23.267547 | R448: =1-(O448/Processed!$V$23) -> 0.37731516 | S448: =1-(Processed!Q448/Processed!$V$24) -> 0.40106742
A449: x | B449: =B233 -> 1CCBBB | C449: =C233 -> 72 | D449: =D233 -> 15 | E449: =E233 -> 5.5 | F449: =F233 -> Improved | G449: =G233 -> 0.25 | H449: =H233 -> 0.75 | I449: =I233 -> Improved | J449: =J233 -> ASHP | K449: Yes | L449: =L233-200000 -> 11449227 | M449: =M233 -> 1593128.9 | N449: =Table3[[#This Row],[Natural Gas kWh]]+Table3[[#This Row],[Electricity kWh]] -> 13042356 | O449: =Table3[[#This Row],[Total Energy kWh]]/$V$20 -> 120.19517 | P449: =P233 -> 35.89574 | Q449: =((L449*Processed!$V$21)+(Table3[[#This Row],[Natural Gas kWh]]*Processed!$V$22))/Processed!$V$20 -> 20.726816 | R449: =1-(O449/Processed!$V$23) -> 0.44338223 | S449: =1-(Processed!Q449/Processed!$V$24) -> 0.46646867

Sheet Measures
A1: 0 | B1: 1 | C1: 2 | D1: 3 | E1: 4 | F1: 5 | G1: 6
B2: Parameter | C2: Spandrels | D2: Glass | E2: Air Leakage | F2: LPD Drop | G2: ERV
B3: A | C3: 5 | D3: 2.8 | E3: Current | F3: Current | G3: None
B4: B | C4: 10 | D4: 4 | E4: Improved | F4: 0.25 | G4: 0.75
B5: C | C5: 15 | D5: 5.5
